ID	Functional_category
YAL001C	NUCLEUS
YAL005C	CYTOPLASM
YAL007C	ER
YAL008W	MITOCHON...
YAL009W	NUCLEUS
YAL010C	MITOCHON...
YAL011W	CYTOPLASM
YAL012W	CYTOPLASM
YAL014C	CYTOPLASM
YAL015C	NUCLEUS
YAL016W	CYTOPLASM
YAL017W	CYTOPLASM
YAL019W	NUCLEUS
YAL021C	CYTOPLASM
YAL023C	ER
YAL024C	CYTOPLASM
YAL026C	PUNCTATE...
YAL029C	CELLULAR...
YAL031C	CELLULAR...
YAL032C	NUCLEUS
YAL033W	NUCLEUS
YAL034W_A	MICROTUBULE
YAL035W	CYTOPLASM
YAL036C	CYTOPLASM
YAL038W	CYTOPLASM
YAL039C	MITOCHON...
YAL041W	CYTOPLASM
YAL043C	NUCLEUS
YAL044C	MITOCHON...
YAL047C	CYTOPLASM
YAL049C	CYTOPLASM
YAL053W	BUD TIP
YAL054C	CYTOPLASM
YAL055W	PUNCTATE...
YAL056W	CYTOPLASM
YAL058W	ER
YAL059W	NUCLEUS
YAL060W	CYTOPLASM
YAL061W	CYTOPLASM
YAR002C_A	VACUOLAR...
YAR002W	NUCLEAR ...
YAR003W	NUCLEUS
YAR007C	CYTOPLASM
YAR009C	CYTOPLASM
YAR014C	CYTOPLASM
YAR015W	CYTOPLASM
YAR019C	CYTOPLASM
YAR044W	PUNCTATE...
YAR071W	CYTOPLASM
YBL001C	CYTOPLASM
YBL002W	NUCLEUS
YBL003C	NUCLEUS
YBL004W	NUCLEUS
YBL007C	CELLULAR...
YBL008W	CYTOPLASM
YBL013W	MITOCHON...
YBL014C	NUCLEOLUS
YBL015W	MITOCHON...
YBL016W	CYTOPLASM
YBL017C	PUNCTATE...
YBL018C	NUCLEUS
YBL019W	CYTOPLASM
YBL021C	NUCLEUS
YBL022C	MITOCHON...
YBL023C	NUCLEUS
YBL024W	NUCLEUS
YBL025W	NUCLEOLUS
YBL026W	CYTOPLASM
YBL027W	CYTOPLASM
YBL028C	NUCLEUS
YBL029W	CYTOPLASM
YBL031W	MICROTUBULE
YBL032W	CYTOPLASM
YBL033C	CYTOPLASM
YBL034C	CYTOPLASM
YBL035C	NUCLEUS
YBL036C	CYTOPLASM
YBL037W	CELLULAR...
YBL039C	CYTOPLASM
YBL042C	BUD NECK
YBL045C	MITOCHON...
YBL046W	NUCLEUS
YBL051C	CYTOPLASM
YBL052C	NUCLEUS
YBL054W	CYTOPLASM
YBL055C	CYTOPLASM
YBL056W	CYTOPLASM
YBL057C	MITOCHON...
YBL058W	CYTOPLASM
YBL059C_A	CYTOPLASM
YBL059W	MITOCHON...
YBL060W	BUD NECK
YBL061C	BUD NECK
YBL063W	MICROTUBULE
YBL064C	MITOCHON...
YBL067C	Not Visu...
YBL068W	CYTOPLASM
YBL069W	CYTOPLASM
YBL071W_A	CYTOPLASM
YBL072C	CYTOPLASM
YBL074C	CYTOPLASM
YBL075C	CYTOPLASM
YBL076C	CYTOPLASM
YBL079W	NUCLEAR ...
YBL080C	MITOCHON...
YBL082C	NUCLEUS
YBL084C	CYTOPLASM
YBL086C	CELLULAR...
YBL087C	NUCLEUS
YBL090W	MITOCHON...
YBL091C	CYTOPLASM
YBL093C	NUCLEUS
YBL095W	MITOCHON...
YBL097W	NUCLEUS
YBL098W	MITOCHON...
YBL099W	MITOCHON...
YBL102W	PUNCTATE...
YBL103C	CYTOPLASM
YBL104C	CYTOPLASM
YBL107C	CYTOPLASM
YBR001C	CYTOPLASM
YBR005W	ER
YBR006W	CYTOPLASM
YBR007C	CYTOPLASM
YBR009C	NUCLEUS
YBR010W	NUCLEUS
YBR011C	CYTOPLASM
YBR014C	CYTOPLASM
YBR015C	PUNCTATE...
YBR017C	NUCLEUS
YBR023C	PUNCTATE...
YBR025C	CYTOPLASM
YBR026C	MITOCHON...
YBR028C	CYTOPLASM
YBR030W	NUCLEUS
YBR031W	CYTOPLASM
YBR034C	CYTOPLASM
YBR037C	MITOCHON...
YBR039W	MITOCHON...
YBR046C	CYTOPLASM
YBR047W	MITOCHON...
YBR048W	CYTOPLASM
YBR049C	NUCLEUS
YBR052C	CELLULAR...
YBR054W	CELL PER...
YBR055C	NUCLEUS
YBR056W	CYTOPLASM
YBR057C	CYTOPLASM
YBR058C	CYTOPLASM
YBR058C_A	ER
YBR059C	BUD NECK
YBR060C	CYTOPLASM
YBR061C	CYTOPLASM
YBR065C	NUCLEUS
YBR066C	CYTOPLASM
YBR067C	ER
YBR068C	CELL PER...
YBR069C	BUD TIP
YBR070C	Not visu...
YBR071W	CYTOPLASM
YBR072W	CYTOPLASM
YBR073W	NUCLEUS
YBR079C	CYTOPLASM
YBR080C	PUNCTATE...
YBR081C	NUCLEUS
YBR082C	CYTOPLASM
YBR083W	NUCLEUS
YBR084C_A	CYTOPLASM
YBR084W	MITOCHON...
YBR085C_A	CYTOPLASM
YBR085W	MITOCHON...
YBR086C	CELL PER...
YBR087W	NUCLEUS
YBR088C	NUCLEUS
YBR089C_A	NUCLEUS
YBR092C	CYTOPLASM
YBR093C	CYTOPLASM
YBR094W	CYTOPLASM
YBR095C	NUCLEUS
YBR096W	CYTOPLASM
YBR097W	PUNCTATE...
YBR100W	CYTOPLASM
YBR101C	CYTOPLASM
YBR102C	CELLULAR...
YBR103W	NUCLEUS
YBR104W	MITOCHON...
YBR105C	NUCLEUS
YBR106W	ER
YBR107C	NUCLEOLUS
YBR110W	ER
YBR112C	NUCLEUS
YBR114W	CYTOPLASM
YBR115C	CYTOPLASM
YBR118W	CYTOPLASM
YBR119W	NUCLEUS
YBR120C	MITOCHON...
YBR121C	CYTOPLASM
YBR122C	MITOCHON...
YBR123C	CYTOPLASM
YBR125C	CYTOPLASM
YBR126C	CYTOPLASM
YBR127C	VACUOLAR...
YBR129C	CYTOPLASM
YBR130C	CYTOPLASM
YBR132C	ER
YBR133C	CYTOPLASM
YBR135W	CYTOPLASM
YBR137W	CYTOPLASM
YBR138C	CYTOPLASM
YBR139W	CYTOPLASM
YBR142W	NUCLEUS
YBR143C	CYTOPLASM
YBR145W	CYTOPLASM
YBR150C	CYTOPLASM
YBR151W	CYTOPLASM
YBR152W	NUCLEUS
YBR155W	CYTOPLASM
YBR156C	CYTOPLASM
YBR158W	CYTOPLASM
YBR159W	ER
YBR160W	NUCLEUS
YBR161W	CYTOPLASM
YBR162C	MITOCHON...
YBR162W_A	ER
YBR163W	MITOCHON...
YBR164C	PUNCTATE...
YBR166C	CYTOPLASM
YBR167C	NUCLEUS
YBR168W	PUNCTATE...
YBR170C	NUCLEUS
YBR171W	ER
YBR172C	CYTOPLASM
YBR173C	NUCLEUS
YBR175W	NUCLEUS
YBR176W	MITOCHON...
YBR177C	LIPID PA...
YBR179C	MITOCHON...
YBR181C	CYTOPLASM
YBR185C	MITOCHON...
YBR188C	NUCLEUS
YBR189W	CYTOPLASM
YBR191W	CYTOPLASM
YBR194W	Not visu...
YBR195C	NUCLEUS
YBR197C	CYTOPLASM
YBR198C	CYTOPLASM
YBR200W	BUD NECK
YBR202W	NUCLEUS
YBR205W	PUNCTATE...
YBR207W	VACUOLAR...
YBR208C	CYTOPLASM
YBR211C	SPINDLE ...
YBR212W	CYTOPLASM
YBR214W	CYTOPLASM
YBR216C	CYTOPLASM
YBR218C	CYTOPLASM
YBR221C	MITOCHON...
YBR222C	CYTOPLASM
YBR223C	CYTOPLASM
YBR225W	CYTOPLASM
YBR227C	MITOCHON...
YBR230C	MITOCHON...
YBR231C	NUCLEUS
YBR233W	CYTOPLASM
YBR233W_A	SPINDLE ...
YBR234C	PUNCTATE...
YBR236C	NUCLEUS
YBR237W	NUCLEUS
YBR238C	MITOCHON...
YBR239C	CYTOPLASM
YBR241C	VACUOLAR...
YBR244W	CYTOPLASM
YBR245C	NUCLEUS
YBR247C	NUCLEOLUS
YBR248C	CYTOPLASM
YBR249C	NUCLEUS
YBR251W	MITOCHON...
YBR252W	CYTOPLASM
YBR253W	NUCLEUS
YBR254C	PUNCTATE...
YBR255W	CYTOPLASM
YBR258C	NUCLEUS
YBR259W	CYTOPLASM
YBR260C	BUD NECK
YBR262C	MITOCHON...
YBR263W	NUCLEUS
YBR264C	CYTOPLASM
YBR265W	ER
YBR267W	CYTOPLASM
YBR268W	MITOCHON...
YBR269C	MITOCHON...
YBR271W	CYTOPLASM
YBR272C	CYTOPLASM
YBR273C	ER
YBR274W	CYTOPLASM
YBR275C	CYTOPLASM
YBR278W	NUCLEUS
YBR279W	NUCLEUS
YBR281C	CYTOPLASM
YBR282W	MITOCHON...
YBR283C	ER
YBR286W	CYTOPLASM
YBR287W	ER
YBR288C	PUNCTATE...
YBR289W	NUCLEUS
YBR290W	ER
YBR291C	MITOCHON...
YBR296C	ER
YCL001W	PUNCTATE...
YCL005W	LIPID PA...
YCL009C	MITOCHON...
YCL010C	NUCLEUS
YCL011C	NUCLEUS
YCL014W	BUD NECK
YCL016C	NUCLEUS
YCL017C	MITOCHON...
YCL024W	BUD NECK
YCL025C	ER
YCL027W	Not visu...
YCL028W	CYTOPLASM
YCL029C	MICROTUBULE
YCL030C	CYTOPLASM
YCL031C	NUCLEOLUS
YCL032W	CYTOPLASM
YCL034W	CYTOPLASM
YCL035C	CYTOPLASM
YCL037C	CYTOPLASM
YCL039W	CYTOPLASM
YCL043C	CYTOPLASM
YCL044C	MITOCHON...
YCL050C	NUCLEUS
YCL052C	ER
YCL055W	CYTOPLASM
YCL056C	PUNCTATE...
YCL057W	CYTOPLASM
YCL061C	NUCLEUS
YCL064C	MITOCHON...
YCR002C	BUD NECK
YCR003W	MITOCHON...
YCR004C	CELLULAR...
YCR005C	CYTOPLASM
YCR009C	PUNCTATE...
YCR011C	ER
YCR016W	NUCLEOLUS
YCR017C	Not visu...
YCR018C	CYTOPLASM
YCR020C	CYTOPLASM
YCR020W_B	NUCLEUS
YCR023C	AMBIGOUS
YCR024C	MITOCHON...
YCR024C_A	VACUOLAR...
YCR027C	CYTOPLASM
YCR028C	Not visu...
YCR028C_A	MITOCHON...
YCR030C	CELLULAR...
YCR033W	NUCLEUS
YCR034W	ER
YCR035C	NUCLEUS
YCR036W	CYTOPLASM
YCR038C	BUD NECK
YCR042C	NUCLEUS
YCR043C	PUNCTATE...
YCR044C	ER
YCR046C	MITOCHON...
YCR047C	CYTOPLASM
YCR053W	CYTOPLASM
YCR054C	CYTOPLASM
YCR059C	CYTOPLASM
YCR060W	NUCLEUS
YCR061W	PUNCTATE...
YCR063W	NUCLEUS
YCR065W	Not Visu...
YCR067C	ER
YCR071C	MITOCHON...
YCR073W_A	CYTOPLASM
YCR077C	CYTOPLASM
YCR079W	MITOCHON...
YCR081W	Not Visu...
YCR082W	NUCLEUS
YCR083W	MITOCHON...
YCR084C	NUCLEOLUS
YCR086W	NUCLEUS
YCR087C_A	NUCLEOLUS
YCR088W	PUNCTATE...
YCR092C	NUCLEUS
YCR093W	CYTOPLASM
YCR094W	PUNCTATE...
YCR095C	CYTOPLASM
YDL001W	CYTOPLASM
YDL002C	NUCLEUS
YDL003W	NUCLEUS
YDL005C	NUCLEUS
YDL008W	VACUOLAR...
YDL012C	CELLULAR...
YDL015C	ER
YDL017W	CYTOPLASM
YDL018C	PUNCTATE...
YDL019C	CELLULAR...
YDL020C	CYTOPLASM
YDL021W	NUCLEUS
YDL022W	PUNCTATE...
YDL027C	MITOCHON...
YDL028C	NUCLEUS
YDL029W	CYTOPLASM
YDL030W	NUCLEUS
YDL033C	PUNCTATE...
YDL036C	CYTOPLASM
YDL040C	CYTOPLASM
YDL042C	NUCLEAR ...
YDL043C	NUCLEUS
YDL044C	MITOCHON...
YDL045C	CYTOPLASM
YDL045W_A	MITOCHON...
YDL046W	ER
YDL048C	CYTOPLASM
YDL051W	NUCLEUS
YDL052C	ER
YDL053C	CYTOPLASM
YDL054C	VACUOLAR...
YDL055C	CYTOPLASM
YDL058W	PUNCTATE...
YDL060W	CYTOPLASM
YDL061C	CYTOPLASM
YDL063C	NUCLEUS
YDL064W	CYTOPLASM
YDL065C	CYTOPLASM
YDL066W	MITOCHON...
YDL067C	MITOCHON...
YDL070W	NUCLEUS
YDL072C	ER
YDL074C	NUCLEUS
YDL076C	NUCLEUS
YDL077C	Not visu...
YDL078C	CYTOPLASM
YDL080C	CYTOPLASM
YDL081C	CYTOPLASM
YDL082W	CYTOPLASM
YDL083C	CYTOPLASM
YDL085C_A	NUCLEUS
YDL087C	NUCLEUS
YDL088C	NUCLEAR ...
YDL089W	ER
YDL090C	CYTOPLASM
YDL091C	PUNCTATE...
YDL092W	NUCLEOLUS
YDL095W	ER
YDL097C	NUCLEUS
YDL098C	NUCLEUS
YDL099W	PUNCTATE...
YDL100C	CYTOPLASM
YDL101C	NUCLEUS
YDL102W	PUNCTATE...
YDL103C	CYTOPLASM
YDL104C	MITOCHON...
YDL105W	NUCLEUS
YDL106C	CYTOPLASM
YDL107W	MITOCHON...
YDL108W	NUCLEUS
YDL111C	NUCLEOLUS
YDL112W	CYTOPLASM
YDL115C	CYTOPLASM
YDL116W	NUCLEAR ...
YDL117W	CYTOPLASM
YDL119C	MITOCHON...
YDL120W	MITOCHON...
YDL122W	CYTOPLASM
YDL123W	VACUOLAR...
YDL124W	NUCLEUS
YDL125C	CYTOPLASM
YDL126C	CYTOPLASM
YDL128W	ER
YDL129W	CYTOPLASM
YDL130W	CYTOPLASM
YDL130W_A	MITOCHON...
YDL132W	CYTOPLASM
YDL133C_A	CYTOPLASM
YDL134C	CYTOPLASM
YDL135C	CYTOPLASM
YDL136W	CYTOPLASM
YDL137W	PUNCTATE...
YDL139C	CYTOPLASM
YDL140C	NUCLEUS
YDL141W	CYTOPLASM
YDL142C	MITOCHON...
YDL144C	CYTOPLASM
YDL146W	CYTOPLASM
YDL147W	NUCLEUS
YDL150W	NUCLEUS
YDL152W	NUCLEUS
YDL155W	CYTOPLASM
YDL159W	CYTOPLASM
YDL160C	CYTOPLASM
YDL161W	PUNCTATE...
YDL164C	MITOCHON...
YDL165W	CYTOPLASM
YDL166C	NUCLEUS
YDL167C	CYTOPLASM
YDL168W	CYTOPLASM
YDL170W	NUCLEUS
YDL171C	CYTOPLASM
YDL173W	CELLULAR...
YDL174C	MITOCHON...
YDL175C	NUCLEUS
YDL178W	MITOCHON...
YDL181W	MITOCHON...
YDL184C	CYTOPLASM
YDL188C	CYTOPLASM
YDL189W	CYTOPLASM
YDL191W	CYTOPLASM
YDL192W	PUNCTATE...
YDL195W	PUNCTATE...
YDL197C	NUCLEUS
YDL201W	NUCLEUS
YDL202W	MITOCHON...
YDL203C	CYTOPLASM
YDL204W	ER
YDL205C	CYTOPLASM
YDL207W	NUCLEAR ...
YDL208W	NUCLEOLUS
YDL209C	NUCLEUS
YDL211C	CYTOPLASM
YDL212W	ER
YDL216C	CYTOPLASM
YDL219W	CYTOPLASM
YDL220C	CYTOPLASM
YDL222C	CELL PER...
YDL223C	CYTOPLASM
YDL224C	CYTOPLASM
YDL225W	BUD NECK
YDL226C	CYTOPLASM
YDL227C	NUCLEUS
YDL229W	CYTOPLASM
YDL230W	CYTOPLASM
YDL232W	ER
YDL234C	CYTOPLASM
YDL235C	CYTOPLASM
YDL236W	CYTOPLASM
YDL238C	CYTOPLASM
YDL240W	CYTOPLASM
YDR001C	CYTOPLASM
YDR004W	CYTOPLASM
YDR005C	Not Visu...
YDR009W	CYTOPLASM
YDR011W	CELL PER...
YDR012W	CYTOPLASM
YDR014W	NUCLEUS
YDR016C	SPINDLE ...
YDR017C	CYTOPLASM
YDR019C	MITOCHON...
YDR021W	NUCLEUS
YDR023W	NUCLEUS
YDR024W	CYTOPLASM
YDR025W	CYTOPLASM
YDR026C	NUCLEOLUS
YDR027C	PUNCTATE...
YDR028C	CYTOPLASM
YDR032C	PUNCTATE...
YDR033W	CELL PER...
YDR034C	NUCLEUS
YDR034W_B	CELL PER...
YDR035W	CYTOPLASM
YDR036C	MITOCHON...
YDR038C	CELL PER...
YDR039C	CELL PER...
YDR040C	CELL PER...
YDR041W	MITOCHON...
YDR043C	NUCLEOLUS
YDR044W	CYTOPLASM
YDR046C	CELL PER...
YDR047W	CYTOPLASM
YDR049W	CYTOPLASM
YDR050C	CYTOPLASM
YDR052C	CYTOPLASM
YDR054C	NUCLEUS
YDR055W	ER
YDR056C	ER
YDR060W	NUCLEOLUS
YDR061W	MITOCHON...
YDR062W	ER
YDR063W	CYTOPLASM
YDR065W	MITOCHON...
YDR066C	CYTOPLASM
YDR068W	CYTOPLASM
YDR069C	PUNCTATE...
YDR070C	MITOCHON...
YDR071C	CYTOPLASM
YDR074W	CYTOPLASM
YDR075W	CYTOPLASM
YDR076W	Not Visu...
YDR077W	ER
YDR079C_A	NUCLEUS
YDR079W	MITOCHON...
YDR080W	PUNCTATE...
YDR081C	NUCLEUS
YDR083W	NUCLEUS
YDR084C	PUNCTATE...
YDR086C	ER
YDR088C	NUCLEUS
YDR089W	Not Visu...
YDR091C	CYTOPLASM
YDR092W	CYTOPLASM
YDR093W	CELL PER...
YDR096W	NUCLEUS
YDR097C	Not Visu...
YDR098C	CYTOPLASM
YDR099W	CYTOPLASM
YDR100W	PUNCTATE...
YDR101C	NUCLEUS
YDR103W	CYTOPLASM
YDR108W	CYTOPLASM
YDR111C	CYTOPLASM
YDR115W	MITOCHON...
YDR116C	MITOCHON...
YDR118W	CYTOPLASM
YDR119W	NUCLEUS
YDR120C	NUCLEUS
YDR121W	CYTOPLASM
YDR122W	Not visu...
YDR123C	NUCLEUS
YDR125C	MITOCHON...
YDR127W	CYTOPLASM
YDR129C	PUNCTATE...
YDR130C	NUCLEUS
YDR132C	CYTOPLASM
YDR135C	VACUOLAR...
YDR137W	PUNCTATE...
YDR138W	CYTOPLASM
YDR140W	CYTOPLASM
YDR141C	PUNCTATE...
YDR144C	Not Visu...
YDR145W	NUCLEUS
YDR146C	CYTOPLASM
YDR147W	CYTOPLASM
YDR148C	MITOCHON...
YDR150W	PUNCTATE...
YDR152W	CYTOPLASM
YDR153C	PUNCTATE...
YDR155C	CYTOPLASM
YDR156W	NUCLEOLUS
YDR158W	CYTOPLASM
YDR159W	NUCLEAR ...
YDR161W	NUCLEUS
YDR164C	PUNCTATE...
YDR166C	PUNCTATE...
YDR167W	NUCLEUS
YDR168W	CYTOPLASM
YDR169C	CYTOPLASM
YDR170C	PUNCTATE...
YDR170W_A	PUNCTATE...
YDR171W	CYTOPLASM
YDR172W	CYTOPLASM
YDR173C	CYTOPLASM
YDR174W	NUCLEOLUS
YDR175C	MITOCHON...
YDR176W	NUCLEUS
YDR177W	CYTOPLASM
YDR179C	CYTOPLASM
YDR180W	NUCLEUS
YDR182W	CYTOPLASM
YDR184C	CYTOPLASM
YDR186C	CYTOPLASM
YDR189W	PUNCTATE...
YDR190C	NUCLEUS
YDR191W	NUCLEUS
YDR194C	MITOCHON...
YDR195W	NUCLEUS
YDR196C	ER
YDR197W	MITOCHON...
YDR200C	CYTOPLASM
YDR201W	SPINDLE ...
YDR202C	VACUOLAR...
YDR205W	ER
YDR207C	CYTOPLASM
YDR208W	CYTOPLASM
YDR210W	CELL PER...
YDR211W	CYTOPLASM
YDR213W	CYTOPLASM
YDR216W	CYTOPLASM
YDR217C	CYTOPLASM
YDR219C	MITOCHON...
YDR221W	ER
YDR224C	NUCLEUS
YDR226W	CYTOPLASM
YDR227W	NUCLEAR ...
YDR228C	CYTOPLASM
YDR231C	MITOCHON...
YDR232W	MITOCHON...
YDR233C	ER
YDR234W	MITOCHON...
YDR235W	NUCLEUS
YDR236C	CYTOPLASM
YDR238C	PUNCTATE...
YDR239C	CYTOPLASM
YDR243C	NUCLEUS
YDR244W	PUNCTATE...
YDR245W	Not visu...
YDR246W	PUNCTATE...
YDR247W	NUCLEUS
YDR248C	CYTOPLASM
YDR250C	CYTOPLASM
YDR251W	CYTOPLASM
YDR252W	CYTOPLASM
YDR254W	MICROTUBULE
YDR257C	NUCLEUS
YDR258C	NUCLEOLUS
YDR262W	CYTOPLASM
YDR264C	PUNCTATE...
YDR265W	PUNCTATE...
YDR266C	CYTOPLASM
YDR267C	CYTOPLASM
YDR268W	MITOCHON...
YDR270W	PUNCTATE...
YDR272W	CYTOPLASM
YDR279W	NUCLEUS
YDR280W	NUCLEUS
YDR284C	VACUOLAR...
YDR288W	CYTOPLASM
YDR291W	NUCLEUS
YDR293C	CYTOPLASM
YDR294C	ER
YDR295C	CYTOPLASM
YDR297W	ER
YDR298C	MITOCHON...
YDR299W	NUCLEUS
YDR300C	CYTOPLASM
YDR302W	ER
YDR303C	NUCLEUS
YDR307W	CYTOPLASM
YDR308C	NUCLEUS
YDR309C	CYTOPLASM
YDR310C	NUCLEUS
YDR311W	NUCLEUS
YDR312W	PUNCTATE...
YDR313C	VACUOLAR...
YDR314C	NUCLEUS
YDR316W	MITOCHON...
YDR318W	NUCLEUS
YDR320C	CYTOPLASM
YDR320C_A	SPINDLE ...
YDR322C_A	MITOCHON...
YDR322W	MITOCHON...
YDR323C	PUNCTATE...
YDR324C	NUCLEOLUS
YDR325W	NUCLEUS
YDR326C	NUCLEUS
YDR328C	CYTOPLASM
YDR329C	PUNCTATE...
YDR330W	NUCLEUS
YDR331W	ER
YDR332W	MITOCHON...
YDR333C	CYTOPLASM
YDR334W	NUCLEUS
YDR335W	NUCLEUS
YDR337W	MITOCHON...
YDR338C	Not visu...
YDR343C	BUD TIP
YDR344C	PUNCTATE...
YDR345C	plasma m...
YDR346C	CYTOPLASM
YDR348C	BUD NECK
YDR349C	ER
YDR352W	VACUOLAR...
YDR353W	NUCLEUS
YDR354W	CYTOPLASM
YDR356W	SPINDLE ...
YDR357C	PUNCTATE...
YDR358W	CYTOPLASM
YDR361C	NUCLEUS
YDR362C	NUCLEUS
YDR363W	NUCLEUS
YDR363W_A	NUCLEUS
YDR364C	NUCLEUS
YDR365C	CYTOPLASM
YDR368W	NUCLEUS
YDR369C	CYTOPLASM
YDR370C	CYTOPLASM
YDR372C	CYTOPLASM
YDR375C	MITOCHON...
YDR376W	MITOCHON...
YDR377W	MITOCHON...
YDR379C_A	MITOCHON...
YDR379W	CYTOPLASM
YDR380W	CYTOPLASM
YDR381W	NUCLEUS
YDR382W	CYTOPLASM
YDR385W	CYTOPLASM
YDR388W	PUNCTATE...
YDR389W	CYTOPLASM
YDR390C	NUCLEUS
YDR392W	NUCLEUS
YDR394W	MITOCHON...
YDR395W	CYTOPLASM
YDR397C	NUCLEUS
YDR398W	NUCLEUS
YDR399W	CYTOPLASM
YDR400W	CYTOPLASM
YDR404C	NUCLEUS
YDR405W	MITOCHON...
YDR407C	PUNCTATE...
YDR408C	CYTOPLASM
YDR409W	NUCLEUS
YDR410C	ER
YDR416W	NUCLEUS
YDR419W	CYTOPLASM
YDR421W	CYTOPLASM
YDR422C	CYTOPLASM
YDR423C	CYTOPLASM
YDR424C	PUNCTATE...
YDR425W	CYTOPLASM
YDR427W	CYTOPLASM
YDR430C	MITOCHON...
YDR434W	ER
YDR436W	CYTOPLASM
YDR437W	ER
YDR440W	NUCLEUS
YDR441C	CYTOPLASM
YDR443C	Not Visu...
YDR444W	CYTOPLASM
YDR448W	NUCLEUS
YDR449C	NUCLEUS
YDR450W	CYTOPLASM
YDR451C	NUCLEUS
YDR452W	CYTOPLASM
YDR453C	CYTOPLASM
YDR454C	CYTOPLASM
YDR456W	PUNCTATE...
YDR457W	NUCLEUS
YDR458C	NUCLEAR ...
YDR460W	NUCLEUS
YDR461W	CYTOPLASM
YDR462W	MITOCHON...
YDR464W	NUCLEUS
YDR469W	NUCLEUS
YDR471W	CYTOPLASM
YDR472W	PUNCTATE...
YDR474C	MITOCHON...
YDR477W	CYTOPLASM
YDR478W	NUCLEUS
YDR479C	PUNCTATE...
YDR482C	NUCLEUS
YDR483W	PUNCTATE...
YDR485C	NUCLEUS
YDR487C	CYTOPLASM
YDR492W	ER
YDR493W	MITOCHON...
YDR495C	PUNCTATE...
YDR496C	NUCLEOLUS
YDR497C	CELL PER...
YDR498C	ER
YDR499W	CYTOPLASM
YDR500C	CYTOPLASM
YDR502C	NUCLEUS
YDR507C	BUD NECK
YDR508C	CELL PER...
YDR510W	CYTOPLASM
YDR511W	MITOCHON...
YDR513W	NUCLEUS
YDR514C	MITOCHON...
YDR515W	CYTOPLASM
YDR516C	CYTOPLASM
YDR517W	PUNCTATE...
YDR519W	ER
YDR520C	NUCLEUS
YDR523C	CYTOPLASM
YDR524C	CYTOPLASM
YDR527W	CYTOPLASM
YDR528W	CYTOPLASM
YDR529C	MITOCHON...
YDR530C	CYTOPLASM
YDR531W	CYTOPLASM
YDR532C	SPINDLE ...
YDR538W	MITOCHON...
YDR539W	CYTOPLASM
YDR540C	CYTOPLASM
YEL001C	ER
YEL003W	CYTOPLASM
YEL006W	MITOCHON...
YEL007W	NUCLEUS
YEL008W	CYTOPLASM
YEL009C	CYTOPLASM
YEL011W	CYTOPLASM
YEL012W	CYTOPLASM
YEL013W	VACUOLAR...
YEL014C	CYTOPLASM
YEL015W	PUNCTATE...
YEL017C_A	CELL PER...
YEL017W	NUCLEAR ...
YEL018W	NUCLEUS
YEL019C	NUCLEUS
YEL020C	CYTOPLASM
YEL022W	PUNCTATE...
YEL024W	MITOCHON...
YEL027W	ER
YEL029C	CYTOPLASM
YEL031W	ER
YEL036C	PUNCTATE...
YEL039C	CYTOPLASM
YEL040W	ER
YEL042W	Not visu...
YEL043W	ER
YEL044W	NUCLEUS
YEL046C	CYTOPLASM
YEL047C	CYTOPLASM
YEL048C	PUNCTATE...
YEL050C	NUCLEUS
YEL052W	MITOCHON...
YEL053C	CYTOPLASM
YEL054C	CYTOPLASM
YEL055C	NUCLEUS
YEL058W	CYTOPLASM
YEL059C_A	Not visu...
YEL060C	CYTOPLASM
YEL061C	CYTOPLASM
YEL062W	CYTOPLASM
YEL066W	CYTOPLASM
YEL071W	CYTOPLASM
YER001W	PUNCTATE...
YER003C	NUCLEOLUS
YER005W	Not visu...
YER006W	NUCLEUS
YER007C_A	CYTOPLASM
YER008C	BUD NECK
YER011W	ER
YER013W	NUCLEUS
YER016W	MICROTUBULE
YER017C	MITOCHON...
YER018C	SPINDLE ...
YER019C_A	ER
YER020W	CELL PER...
YER021W	NUCLEUS
YER022W	NUCLEUS
YER023W	CYTOPLASM
YER024W	CYTOPLASM
YER025W	CYTOPLASM
YER027C	CYTOPLASM
YER029C	NUCLEUS
YER030W	NUCLEUS
YER031C	CYTOPLASM
YER032W	CYTOPLASM
YER033C	CYTOPLASM
YER034W	CYTOPLASM
YER035W	NUCLEUS
YER037W	CYTOPLASM
YER038C	CYTOPLASM
YER040W	CYTOPLASM
YER042W	CYTOPLASM
YER043C	CYTOPLASM
YER044C	ER
YER047C	CYTOPLASM
YER048W_A	MITOCHON...
YER049W	NUCLEUS
YER052C	CYTOPLASM
YER053C	MITOCHON...
YER053C_A	ER
YER054C	CYTOPLASM
YER056C	VACUOLE
YER056C_A	CYTOPLASM
YER059W	CYTOPLASM
YER061C	MITOCHON...
YER062C	CYTOPLASM
YER063W	NUCLEUS
YER067W	CYTOPLASM
YER068W	CYTOPLASM
YER069W	MITOCHON...
YER070W	Not Visu...
YER071C	PUNCTATE...
YER072W	ER
YER073W	MITOCHON...
YER074W	CYTOPLASM
YER075C	CYTOPLASM
YER077C	MITOCHON...
YER078C	MITOCHON...
YER079W	CYTOPLASM
YER081W	CYTOPLASM
YER086W	MITOCHON...
YER088C	NUCLEUS
YER090W	CYTOPLASM
YER091C	CYTOPLASM
YER092W	NUCLEUS
YER095W	CYTOPLASM
YER098W	CYTOPLASM
YER099C	CYTOPLASM
YER100W	ER
YER101C	CYTOPLASM
YER102W	CYTOPLASM
YER103W	CYTOPLASM
YER104W	CYTOPLASM
YER105C	NUCLEAR ...
YER107C	NUCLEAR ...
YER110C	CYTOPLASM
YER111C	NUCLEUS
YER112W	CYTOPLASM
YER113C	PUNCTATE...
YER114C	PUNCTATE...
YER116C	NUCLEUS
YER118C	BUD NECK
YER120W	ER
YER122C	MITOCHON...
YER123W	VACUOLAR...
YER124C	BUD NECK
YER128W	CYTOPLASM
YER129W	CYTOPLASM
YER131W	CYTOPLASM
YER132C	CYTOPLASM
YER133W	CYTOPLASM
YER134C	CYTOPLASM
YER136W	CYTOPLASM
YER139C	CYTOPLASM
YER141W	MITOCHON...
YER142C	CYTOPLASM
YER143W	CYTOPLASM
YER147C	NUCLEUS
YER149C	BUD NECK
YER151C	CYTOPLASM
YER152C	CYTOPLASM
YER153C	MITOCHON...
YER154W	MITOCHON...
YER155C	CYTOPLASM
YER156C	NUCLEUS
YER157W	PUNCTATE...
YER159C	NUCLEUS
YER161C	NUCLEUS
YER162C	CYTOPLASM
YER164W	NUCLEUS
YER165W	CYTOPLASM
YER166W	PUNCTATE...
YER168C	CYTOPLASM
YER169W	NUCLEUS
YER170W	MITOCHON...
YER171W	NUCLEUS
YER172C	NUCLEUS
YER173W	NUCLEUS
YER174C	CYTOPLASM
YER175C	CYTOPLASM
YER176W	CYTOPLASM
YER177W	CYTOPLASM
YER178W	MITOCHON...
YER182W	MITOCHON...
YER183C	CYTOPLASM
YFL001W	NUCLEUS
YFL002C	NUCLEUS
YFL004W	ER
YFL006W	CYTOPLASM
YFL008W	CYTOPLASM
YFL010C	CYTOPLASM
YFL013C	CYTOPLASM
YFL014W	CYTOPLASM
YFL016C	MITOCHON...
YFL017C	CYTOPLASM
YFL017W_A	NUCLEUS
YFL018C	MITOCHON...
YFL021W	MITOCHON...
YFL023W	CYTOPLASM
YFL024C	NUCLEUS
YFL025C	ER
YFL026W	CELL PER...
YFL027C	MITOCHON...
YFL031W	CYTOPLASM
YFL034C_B	CELL PER...
YFL034W	PUNCTATE...
YFL036W	CYTOPLASM
YFL041W	VACUOLAR...
YFL044C	NUCLEUS
YFL045C	CYTOPLASM
YFL046W	MITOCHON...
YFL047W	PUNCTATE...
YFL048C	VACUOLAR...
YFL049W	MITOCHON...
YFR001W	NUCLEUS
YFR002W	NUCLEAR ...
YFR004W	NUCLEUS
YFR005C	Not Visu...
YFR006W	CYTOPLASM
YFR009W	CYTOPLASM
YFR010W	NUCLEUS
YFR013W	NUCLEUS
YFR014C	CYTOPLASM
YFR015C	PUNCTATE...
YFR016C	CYTOPLASM
YFR017C	CYTOPLASM
YFR019W	CYTOPLASM
YFR024C	PUNCTATE...
YFR024C_A	BUD TIP
YFR025C	CYTOPLASM
YFR027W	CYTOPLASM
YFR030W	CYTOPLASM
YFR031C	NUCLEUS
YFR031C_A	CYTOPLASM
YFR032C_A	CYTOPLASM
YFR033C	CYTOPLASM
YFR034C	CYTOPLASM
YFR036W	NUCLEOLUS
YFR037C	NUCLEUS
YFR039C	CYTOPLASM
YFR040W	CYTOPLASM
YFR041C	ER
YFR044C	MITOCHON...
YFR047C	CYTOPLASM
YFR048W	CYTOPLASM
YFR049W	MITOCHON...
YFR050C	NUCLEUS
YFR051C	PUNCTATE...
YFR052W	NUCLEUS
YFR053C	CYTOPLASM
YGL001C	ER
YGL005C	PUNCTATE...
YGL006W	VACUOLAR...
YGL008C	CELL PER...
YGL009C	CYTOPLASM
YGL010W	ER
YGL011C	CYTOPLASM
YGL012W	ER
YGL013C	NUCLEUS
YGL014W	CYTOPLASM
YGL016W	NUCLEAR ...
YGL017W	CYTOPLASM
YGL018C	MITOCHON...
YGL019W	NUCLEUS
YGL020C	ER
YGL022W	ER
YGL025C	NUCLEUS
YGL026C	CYTOPLASM
YGL028C	CYTOPLASM
YGL029W	NUCLEUS
YGL031C	CYTOPLASM
YGL035C	NUCLEUS
YGL037C	CYTOPLASM
YGL038C	PUNCTATE...
YGL039W	CYTOPLASM
YGL040C	CYTOPLASM
YGL043W	NUCLEUS
YGL046W	CYTOPLASM
YGL047W	ER
YGL048C	NUCLEUS
YGL049C	CYTOPLASM
YGL054C	ER
YGL055W	ER
YGL056C	CYTOPLASM
YGL058W	NUCLEUS
YGL059W	CYTOPLASM
YGL060W	CYTOPLASM
YGL061C	MICROTUBULE
YGL062W	CYTOPLASM
YGL064C	MITOCHON...
YGL065C	ER
YGL066W	NUCLEUS
YGL067W	CYTOPLASM
YGL068W	MITOCHON...
YGL070C	NUCLEUS
YGL071W	NUCLEUS
YGL073W	NUCLEUS
YGL075C	SPINDLE ...
YGL077C	BUD TIP
YGL078C	NUCLEOLUS
YGL079W	PUNCTATE...
YGL080W	MITOCHON...
YGL082W	CYTOPLASM
YGL083W	PUNCTATE...
YGL084C	ER
YGL085W	MITOCHON...
YGL086W	NUCLEAR ...
YGL087C	CYTOPLASM
YGL090W	CYTOPLASM
YGL091C	CYTOPLASM
YGL092W	NUCLEAR ...
YGL093W	SPINDLE ...
YGL094C	CYTOPLASM
YGL095C	PUNCTATE...
YGL097W	NUCLEUS
YGL098W	ER
YGL099W	CYTOPLASM
YGL101W	CYTOPLASM
YGL105W	CYTOPLASM
YGL107C	MITOCHON...
YGL108C	CELLULAR...
YGL110C	CYTOPLASM
YGL111W	NUCLEUS
YGL112C	NUCLEUS
YGL113W	NUCLEUS
YGL115W	CYTOPLASM
YGL119W	MITOCHON...
YGL120C	CYTOPLASM
YGL122C	NUCLEUS
YGL124C	PUNCTATE...
YGL125W	CYTOPLASM
YGL127C	NUCLEUS
YGL128C	CYTOPLASM
YGL129C	MITOCHON...
YGL130W	NUCLEUS
YGL131C	not visu...
YGL135W	CYTOPLASM
YGL137W	PUNCTATE...
YGL139W	PUNCTATE...
YGL143C	MITOCHON...
YGL145W	ER
YGL148W	CYTOPLASM
YGL150C	CYTOPLASM
YGL151W	NUCLEUS
YGL153W	PUNCTATE...
YGL155W	CYTOPLASM
YGL156W	PUNCTATE...
YGL157W	CYTOPLASM
YGL161C	PUNCTATE...
YGL162W	NUCLEUS
YGL163C	not visu...
YGL164C	CYTOPLASM
YGL167C	ER
YGL169W	CYTOPLASM
YGL172W	NUCLEAR ...
YGL173C	CYTOPLASM
YGL174W	NUCLEUS
YGL175C	CYTOPLASM
YGL180W	CYTOPLASM
YGL181W	PUNCTATE...
YGL184C	CYTOPLASM
YGL185C	CYTOPLASM
YGL187C	MITOCHON...
YGL189C	CYTOPLASM
YGL190C	CYTOPLASM
YGL194C	NUCLEUS
YGL195W	CYTOPLASM
YGL197W	CYTOPLASM
YGL201C	NUCLEUS
YGL202W	CYTOPLASM
YGL203C	PUNCTATE...
YGL207W	NUCLEUS
YGL209W	NUCLEUS
YGL210W	CYTOPLASM
YGL211W	MITOCHON...
YGL212W	VACUOLAR...
YGL213C	CYTOPLASM
YGL216W	CYTOPLASM
YGL219C	PUNCTATE...
YGL220W	CYTOPLASM
YGL221C	MITOCHON...
YGL222C	CYTOPLASM
YGL225W	PUNCTATE...
YGL226C_A	ER
YGL226W	MITOCHON...
YGL227W	CYTOPLASM
YGL229C	CYTOPLASM
YGL231C	ER
YGL232W	NUCLEUS
YGL234W	CYTOPLASM
YGL237C	NUCLEUS
YGL238W	NUCLEUS
YGL240W	CYTOPLASM
YGL241W	CYTOPLASM
YGL244W	NUCLEUS
YGL245W	CYTOPLASM
YGL246C	NUCLEUS
YGL247W	NUCLEAR ...
YGL249W	CYTOPLASM
YGL250W	CYTOPLASM
YGL252C	CYTOPLASM
YGL253W	CYTOPLASM
YGL255W	ER
YGL256W	MITOCHON...
YGR001C	CYTOPLASM
YGR002C	NUCLEUS
YGR003W	CYTOPLASM
YGR004W	CYTOPLASM
YGR007W	CYTOPLASM
YGR008C	CYTOPLASM
YGR012W	MITOCHON...
YGR013W	NUCLEUS
YGR015C	MITOCHON...
YGR017W	NUCLEUS
YGR019W	CYTOPLASM
YGR020C	VACUOLAR...
YGR021W	MITOCHON...
YGR026W	CELL PER...
YGR028W	MITOCHON...
YGR030C	NUCLEUS
YGR031W	MITOCHON...
YGR034W	CYTOPLASM
YGR037C	CYTOPLASM
YGR038W	ER
YGR041W	BUD NECK
YGR042W	CYTOPLASM
YGR043C	NUCLEUS
YGR044C	CYTOPLASM
YGR046W	MITOCHON...
YGR047C	NUCLEUS
YGR048W	NUCLEUS
YGR049W	MITOCHON...
YGR052W	CYTOPLASM
YGR055W	VACUOLE
YGR058W	NUCLEUS
YGR060W	ER
YGR061C	CYTOPLASM
YGR062C	MITOCHON...
YGR063C	NUCLEUS
YGR065C	BUD TIP
YGR068C	CYTOPLASM
YGR071C	NUCLEUS
YGR072W	CYTOPLASM
YGR075C	NUCLEUS
YGR076C	MITOCHON...
YGR078C	CYTOPLASM
YGR080W	PUNCTATE...
YGR081C	NUCLEUS
YGR082W	MITOCHON...
YGR083C	CYTOPLASM
YGR084C	MITOCHON...
YGR085C	CYTOPLASM
YGR086C	plasma m...
YGR088W	CYTOPLASM
YGR089W	CYTOPLASM
YGR090W	NUCLEUS
YGR092W	Not visu...
YGR093W	NUCLEUS
YGR094W	CYTOPLASM
YGR095C	NUCLEUS
YGR097W	CYTOPLASM
YGR100W	CYTOPLASM
YGR102C	MITOCHON...
YGR103W	NUCLEUS
YGR104C	NUCLEUS
YGR105W	VACUOLAR...
YGR106C	VACUOLAR...
YGR108W	NUCLEUS
YGR111W	CYTOPLASM
YGR112W	MITOCHON...
YGR116W	NUCLEUS
YGR117C	CYTOPLASM
YGR118W	NUCLEUS
YGR119C	NUCLEAR ...
YGR120C	PUNCTATE...
YGR122W	CYTOPLASM
YGR123C	CYTOPLASM
YGR124W	CYTOPLASM
YGR128C	NUCLEOLUS
YGR129W	NUCLEUS
YGR130C	PUNCTATE...
YGR132C	MITOCHON...
YGR133W	PUNCTATE...
YGR134W	CYTOPLASM
YGR135W	NUCLEUS
YGR138C	CELL PER...
YGR140W	MICROTUBULE
YGR142W	CYTOPLASM
YGR147C	MITOCHON...
YGR148C	CYTOPLASM
YGR149W	MITOCHON...
YGR150C	MITOCHON...
YGR151C	CYTOPLASM
YGR155W	CYTOPLASM
YGR156W	NUCLEUS
YGR157W	ER
YGR158C	NUCLEUS
YGR159C	NUCLEUS
YGR161C	CYTOPLASM
YGR162W	CYTOPLASM
YGR163W	VACUOLAR...
YGR165W	MITOCHON...
YGR167W	PUNCTATE...
YGR171C	MITOCHON...
YGR173W	CYTOPLASM
YGR174C	MITOCHON...
YGR175C	LIPID PA...
YGR177C	ER
YGR178C	CYTOPLASM
YGR179C	SPINDLE ...
YGR180C	NUCLEUS
YGR185C	CYTOPLASM
YGR186W	NUCLEUS
YGR187C	CYTOPLASM
YGR188C	CYTOPLASM
YGR189C	CYTOPLASM
YGR191W	ER
YGR192C	NUCLEUS
YGR193C	MITOCHON...
YGR194C	CYTOPLASM
YGR195W	NUCLEUS
YGR198W	MITOCHON...
YGR200C	CYTOPLASM
YGR203W	CYTOPLASM
YGR204W	CYTOPLASM
YGR205W	CYTOPLASM
YGR206W	PUNCTATE...
YGR207C	MITOCHON...
YGR209C	CYTOPLASM
YGR211W	CYTOPLASM
YGR214W	CYTOPLASM
YGR215W	MITOCHON...
YGR217W	CYTOPLASM
YGR218W	NUCLEUS
YGR219W	NUCLEUS
YGR220C	MITOCHON...
YGR222W	MITOCHON...
YGR229C	PUNCTATE...
YGR231C	MITOCHON...
YGR233C	NUCLEUS
YGR234W	CYTOPLASM
YGR237C	NUCLEUS
YGR238C	MITOCHON...
YGR240C	CYTOPLASM
YGR241C	CYTOPLASM
YGR243W	MITOCHON...
YGR244C	MITOCHON...
YGR248W	CYTOPLASM
YGR250C	CYTOPLASM
YGR251W	NUCLEOLUS
YGR252W	NUCLEUS
YGR253C	NUCLEUS
YGR254W	CYTOPLASM
YGR255C	MITOCHON...
YGR256W	CYTOPLASM
YGR257C	MITOCHON...
YGR258C	NUCLEUS
YGR260W	ER
YGR261C	PUNCTATE...
YGR262C	NUCLEUS
YGR263C	LIPID PA...
YGR264C	CYTOPLASM
YGR266W	PUNCTATE...
YGR267C	CYTOPLASM
YGR268C	CYTOPLASM
YGR269W	CYTOPLASM
YGR270W	NUCLEUS
YHL007C	CYTOPLASM
YHL009C	CYTOPLASM
YHL010C	NUCLEAR ...
YHL013C	CYTOPLASM
YHL014C	MITOCHON...
YHL017W	PUNCTATE...
YHL019C	PUNCTATE...
YHL020C	Not visu...
YHL021C	MITOCHON...
YHL025W	NUCLEUS
YHL027W	NUCLEUS
YHL029C	CYTOPLASM
YHL030W	CYTOPLASM
YHL033C	CYTOPLASM
YHL034C	CYTOPLASM
YHL038C	MITOCHON...
YHL039W	CYTOPLASM
YHL040C	ER
YHR001W_A	MITOCHON...
YHR003C	MITOCHON...
YHR005C	CELL PER...
YHR006W	CYTOPLASM
YHR007C	ER
YHR009C	CYTOPLASM
YHR010W	PUNCTATE...
YHR011W	MITOCHON...
YHR015W	CYTOPLASM
YHR018C	CYTOPLASM
YHR021C	CYTOPLASM
YHR023W	CYTOPLASM
YHR024C	MITOCHON...
YHR026W	ER
YHR027C	NUCLEUS
YHR030C	CYTOPLASM
YHR031C	NUCLEUS
YHR036W	ER
YHR037W	MITOCHON...
YHR039C	ER
YHR040W	NUCLEUS
YHR041C	CYTOPLASM
YHR042W	ER
YHR043C	NUCLEUS
YHR046C	CYTOPLASM
YHR047C	CYTOPLASM
YHR051W	MITOCHON...
YHR052W	NUCLEUS
YHR053C	CYTOPLASM
YHR055C	CYTOPLASM
YHR057C	ER
YHR058C	NUCLEUS
YHR059W	MITOCHON...
YHR060W	ER
YHR061C	BUD NECK
YHR062C	NUCLEUS
YHR063C	MITOCHON...
YHR064C	CYTOPLASM
YHR066W	NUCLEOLUS
YHR067W	MITOCHON...
YHR068W	CYTOPLASM
YHR069C	NUCLEUS
YHR070W	CYTOPLASM
YHR072W	LIPID PA...
YHR072W_A	NUCLEOLUS
YHR073W	CYTOPLASM
YHR074W	CYTOPLASM
YHR077C	CYTOPLASM
YHR079C	ER
YHR082C	CYTOPLASM
YHR083W	MITOCHON...
YHR084W	NUCLEUS
YHR085W	NUCLEUS
YHR086W	NUCLEUS
YHR087W	CYTOPLASM
YHR089C	NUCLEOLUS
YHR090C	NUCLEUS
YHR097C	CYTOPLASM
YHR098C	PUNCTATE...
YHR101C	ER
YHR102W	CYTOPLASM
YHR103W	CYTOPLASM
YHR104W	CYTOPLASM
YHR105W	PUNCTATE...
YHR106W	MITOCHON...
YHR107C	MICROTUBULE
YHR108W	PUNCTATE...
YHR110W	ER
YHR111W	CYTOPLASM
YHR112C	CYTOPLASM
YHR113W	CYTOPLASM
YHR114W	CYTOPLASM
YHR116W	CYTOPLASM
YHR117W	MITOCHON...
YHR118C	NUCLEUS
YHR119W	CYTOPLASM
YHR120W	MITOCHON...
YHR121W	NUCLEUS
YHR127W	NUCLEUS
YHR131C	CYTOPLASM
YHR132C	CYTOPLASM
YHR132W_A	CYTOPLASM
YHR133C	NUCLEAR ...
YHR135C	CYTOPLASM
YHR136C	PUNCTATE...
YHR137W	CYTOPLASM
YHR141C	CYTOPLASM
YHR143W_A	CYTOPLASM
YHR147C	CELL PER...
YHR154W	CYTOPLASM
YHR155W	CYTOPLASM
YHR156C	NUCLEUS
YHR158C	CELL PER...
YHR159W	CYTOPLASM
YHR161C	CELL PER...
YHR162W	MITOCHON...
YHR163W	CYTOPLASM
YHR164C	CYTOPLASM
YHR165C	NUCLEUS
YHR166C	CYTOPLASM
YHR167W	NUCLEUS
YHR169W	NUCLEOLUS
YHR170W	CYTOPLASM
YHR172W	SPINDLE ...
YHR174W	CYTOPLASM
YHR175W	ER
YHR178W	NUCLEUS
YHR179W	CYTOPLASM
YHR181W	ER
YHR182W	CYTOPLASM
YHR183W	CYTOPLASM
YHR186C	VACUOLAR...
YHR187W	CYTOPLASM
YHR189W	MITOCHON...
YHR190W	ER
YHR192W	CYTOPLASM
YHR193C	CYTOPLASM
YHR195W	NUCLEAR ...
YHR196W	NUCLEOLUS
YHR197W	NUCLEUS
YHR199C	MITOCHON...
YHR200W	NUCLEUS
YHR201C	NUCLEUS
YHR202W	CYTOPLASM
YHR203C	CYTOPLASM
YHR204W	CYTOPLASM
YHR205W	CYTOPLASM
YHR206W	NUCLEUS
YHR207C	CYTOPLASM
YHR215W	NOT VISU...
YHR216W	CYTOPLASM
YIL001W	CYTOPLASM
YIL002C	CYTOPLASM
YIL004C	PUNCTATE...
YIL007C	CYTOPLASM
YIL008W	CYTOPLASM
YIL009W	CELL PER...
YIL010W	NUCLEUS
YIL015W	CYTOPLASM
YIL016W	ER
YIL017C	CYTOPLASM
YIL019W	CYTOPLASM
YIL020C	CYTOPLASM
YIL022W	MITOCHON...
YIL026C	NUCLEUS
YIL027C	ER
YIL031W	CYTOPLASM
YIL034C	PUNCTATE...
YIL035C	NUCLEUS
YIL036W	NUCLEUS
YIL038C	CYTOPLASM
YIL039W	CYTOPLASM
YIL040W	ER
YIL041W	PUNCTATE...
YIL042C	MITOCHON...
YIL043C	ER
YIL044C	PUNCTATE...
YIL045W	PUNCTATE...
YIL046W	CYTOPLASM
YIL047C	VACUOLAR...
YIL048W	PUNCTATE...
YIL050W	CYTOPLASM
YIL051C	MITOCHON...
YIL052C	CYTOPLASM
YIL053W	CYTOPLASM
YIL055C	CYTOPLASM
YIL056W	CYTOPLASM
YIL057C	CYTOPLASM
YIL061C	CYTOPLASM
YIL062C	PUNCTATE...
YIL064W	CYTOPLASM
YIL065C	CYTOPLASM
YIL066C	CYTOPLASM
YIL068C	BUD NECK
YIL069C	CYTOPLASM
YIL070C	MITOCHON...
YIL071C	CYTOPLASM
YIL074C	CYTOPLASM
YIL075C	NUCLEUS
YIL076W	PUNCTATE...
YIL077C	MITOCHON...
YIL078W	CYTOPLASM
YIL079C	NUCLEUS
YIL083C	CYTOPLASM
YIL084C	NUCLEUS
YIL087C	MITOCHON...
YIL088C	ER
YIL091C	NUCLEUS
YIL092W	CYTOPLASM
YIL093C	MITOCHON...
YIL094C	MITOCHON...
YIL095W	PUNCTATE...
YIL096C	NUCLEOLUS
YIL097W	CYTOPLASM
YIL098C	MITOCHON...
YIL101C	NUCLEUS
YIL103W	CYTOPLASM
YIL104C	NUCLEUS
YIL105C	CELLULAR...
YIL106W	CYTOPLASM
YIL107C	CYTOPLASM
YIL108W	CYTOPLASM
YIL110W	CYTOPLASM
YIL111W	MITOCHON...
YIL112W	NUCLEUS
YIL113W	MITOCHON...
YIL115C	NUCLEAR ...
YIL116W	CYTOPLASM
YIL119C	CYTOPLASM
YIL121W	CELL PER...
YIL122W	NUCLEUS
YIL123W	MITOCHON...
YIL124W	ER
YIL125W	MITOCHON...
YIL126W	NUCLEUS
YIL127C	NUCLEOLUS
YIL128W	CYTOPLASM
YIL129C	Not Visu...
YIL131C	NUCLEUS
YIL132C	CYTOPLASM
YIL133C	CYTOPLASM
YIL135C	CYTOPLASM
YIL137C	CYTOPLASM
YIL138C	CYTOPLASM
YIL140W	BUD NECK
YIL143C	CYTOPLASM
YIL144W	CYTOPLASM
YIL145C	NUCLEUS
YIL147C	CELL PER...
YIL148W	NUCLEUS
YIL149C	NUCLEAR ...
YIL150C	NUCLEUS
YIL151C	Not Visu...
YIL153W	CYTOPLASM
YIL154C	CYTOPLASM
YIL155C	MITOCHON...
YIL156W	CYTOPLASM
YIL157C	MITOCHON...
YIL159W	CYTOPLASM
YIL172C	CYTOPLASM
YIR001C	CYTOPLASM
YIR002C	CYTOPLASM
YIR003W	BUD NECK
YIR004W	ER
YIR005W	NUCLEUS
YIR006C	PUNCTATE...
YIR007W	CYTOPLASM
YIR009W	NUCLEUS
YIR010W	SPINDLE ...
YIR011C	NUCLEUS
YIR012W	CYTOPLASM
YIR014W	VACUOLAR...
YIR015W	NUCLEUS
YIR017C	CYTOPLASM
YIR018W	CYTOPLASM
YIR021W	MITOCHON...
YIR022W	ER
YIR023W	NUCLEUS
YIR024C	MITOCHON...
YIR034C	CYTOPLASM
YIR035C	CYTOPLASM
YIR036C	CYTOPLASM
YIR037W	CYTOPLASM
YJL001W	NUCLEUS
YJL002C	ER
YJL004C	PUNCTATE...
YJL005W	Not visu...
YJL006C	NUCLEUS
YJL010C	NUCLEOLUS
YJL011C	NUCLEUS
YJL012C_A	ER
YJL013C	NUCLEUS
YJL016W	CYTOPLASM
YJL017W	CYTOPLASM
YJL018W	SPINDLE ...
YJL021C	PUNCTATE...
YJL024C	PUNCTATE...
YJL025W	NUCLEUS
YJL029C	PUNCTATE...
YJL030W	CYTOPLASM
YJL033W	NUCLEUS
YJL034W	CYTOPLASM
YJL035C	CYTOPLASM
YJL036W	CYTOPLASM
YJL039C	NUCLEAR ...
YJL041W	NUCLEAR ...
YJL042W	CYTOPLASM
YJL043W	MITOCHON...
YJL044C	CYTOPLASM
YJL047C	CYTOPLASM
YJL048C	NUCLEAR ...
YJL050W	NUCLEOLUS
YJL052W	CYTOPLASM
YJL053W	PUNCTATE...
YJL054W	MITOCHON...
YJL055W	CYTOPLASM
YJL056C	NUCLEUS
YJL057C	CYTOPLASM
YJL058C	CYTOPLASM
YJL060W	CYTOPLASM
YJL061W	NUCLEAR ...
YJL062W	ER
YJL062W_A	MITOCHON...
YJL065C	NUCLEUS
YJL066C	MITOCHON...
YJL068C	CYTOPLASM
YJL069C	NUCLEOLUS
YJL070C	CYTOPLASM
YJL071W	MITOCHON...
YJL074C	NUCLEUS
YJL076W	NUCLEOLUS
YJL078C	ER
YJL079C	VACUOLE
YJL080C	CYTOPLASM
YJL081C	NUCLEUS
YJL082W	CYTOPLASM
YJL084C	CYTOPLASM
YJL085W	BUD NECK
YJL087C	CYTOPLASM
YJL088W	CYTOPLASM
YJL090C	NUCLEOLUS
YJL091C	ER
YJL092W	CYTOPLASM
YJL095W	CYTOPLASM
YJL097W	ER
YJL098W	CYTOPLASM
YJL099W	PUNCTATE...
YJL101C	CYTOPLASM
YJL102W	MITOCHON...
YJL104W	MITOCHON...
YJL109C	NUCLEOLUS
YJL110C	CYTOPLASM
YJL112W	MITOCHON...
YJL115W	NUCLEUS
YJL117W	ER
YJL122W	NUCLEUS
YJL124C	CYTOPLASM
YJL125C	NUCLEUS
YJL127C	CYTOPLASM
YJL128C	CYTOPLASM
YJL130C	CYTOPLASM
YJL131C	MITOCHON...
YJL133W	MITOCHON...
YJL137C	CYTOPLASM
YJL138C	CYTOPLASM
YJL140W	NUCLEUS
YJL144W	CYTOPLASM
YJL145W	CYTOPLASM
YJL146W	NUCLEUS
YJL147C	CYTOPLASM
YJL148W	NUCLEOLUS
YJL151C	CYTOPLASM
YJL153C	CYTOPLASM
YJL154C	VACUOLAR...
YJL155C	CYTOPLASM
YJL157C	CYTOPLASM
YJL161W	MITOCHON...
YJL162C	PUNCTATE...
YJL164C	CYTOPLASM
YJL166W	MITOCHON...
YJL168C	NUCLEUS
YJL169W	CYTOPLASM
YJL171C	ER
YJL173C	NUCLEOLUS
YJL176C	NUCLEUS
YJL177W	CYTOPLASM
YJL180C	CYTOPLASM
YJL183W	PUNCTATE...
YJL186W	PUNCTATE...
YJL191W	NUCLEUS
YJL192C	ER
YJL194W	NUCLEUS
YJL196C	ER
YJL197W	NUCLEUS
YJL198W	ER
YJL200C	MITOCHON...
YJL201W	CYTOPLASM
YJL203W	NUCLEUS
YJL207C	GOLGI
YJL208C	MITOCHON...
YJL210W	PUNCTATE...
YJL212C	ER
YJL217W	CYTOPLASM
YJL222W	not visu...
YJR003C	MITOCHON...
YJR005W	BUD NECK
YJR006W	NUCLEUS
YJR007W	CYTOPLASM
YJR008W	CYTOPLASM
YJR009C	CYTOPLASM
YJR010C_A	ER
YJR010W	CYTOPLASM
YJR011C	CYTOPLASM
YJR013W	ER
YJR014W	CYTOPLASM
YJR016C	MITOCHON...
YJR017C	NUCLEUS
YJR022W	NUCLEUS
YJR024C	CYTOPLASM
YJR025C	CYTOPLASM
YJR031C	PUNCTATE...
YJR032W	NUCLEUS
YJR035W	NUCLEUS
YJR041C	NUCLEOLUS
YJR042W	NUCLEAR ...
YJR043C	CYTOPLASM
YJR044C	PUNCTATE...
YJR046W	NUCLEUS
YJR048W	CYTOPLASM
YJR049C	NUCLEUS
YJR051W	MITOCHON...
YJR052W	NUCLEUS
YJR053W	SPINDLE ...
YJR055W	CYTOPLASM
YJR057W	NUCLEUS
YJR058C	BUD NECK
YJR059W	NUCLEUS
YJR060W	NUCLEUS
YJR062C	MITOCHON...
YJR063W	CYTOPLASM
YJR067C	CYTOPLASM
YJR068W	NUCLEUS
YJR069C	CYTOPLASM
YJR070C	CYTOPLASM
YJR072C	CYTOPLASM
YJR073C	ER
YJR074W	CYTOPLASM
YJR075W	PUNCTATE...
YJR077C	MITOCHON...
YJR080C	MITOCHON...
YJR082C	NUCLEUS
YJR083C	NUCLEUS
YJR084W	NUCLEUS
YJR085C	MITOCHON...
YJR086W	CYTOPLASM
YJR088C	ER
YJR091C	CYTOPLASM
YJR092W	BUD NECK
YJR094W_A	CYTOPLASM
YJR096W	CYTOPLASM
YJR097W	NUCLEUS
YJR098C	CYTOPLASM
YJR101W	MITOCHON...
YJR103W	CYTOPLASM
YJR104C	CYTOPLASM
YJR105W	CYTOPLASM
YJR109C	CYTOPLASM
YJR110W	CYTOPLASM
YJR112W	MICROTUBULE
YJR113C	MITOCHON...
YJR117W	ER
YJR118C	ER
YJR119C	NUCLEUS
YJR121W	MITOCHON...
YJR122W	MITOCHON...
YJR127C	NUCLEUS
YJR129C	CYTOPLASM
YJR130C	NUCLEUS
YJR131W	ER
YJR132W	NUCLEUS
YJR133W	CYTOPLASM
YJR134C	PUNCTATE...
YJR136C	NUCLEUS
YJR137C	NUCLEUS
YJR138W	VACUOLAR...
YJR139C	CYTOPLASM
YJR140C	NUCLEUS
YJR143C	ER
YJR145C	CYTOPLASM
YJR146W	CYTOPLASM
YJR147W	CYTOPLASM
YJR148W	CYTOPLASM
YJR149W	CYTOPLASM
YKL001C	CYTOPLASM
YKL002W	Punctate...
YKL003C	MITOCHON...
YKL004W	PUNCTATE...
YKL006W	CYTOPLASM
YKL007W	PUNCTATE...
YKL008C	NUCLEAR ...
YKL010C	CYTOPLASM
YKL011C	MITOCHON...
YKL012W	NUCLEUS
YKL013C	PUNCTATE...
YKL014C	NUCLEOLUS
YKL015W	NUCLEOLUS
YKL016C	MITOCHON...
YKL017C	CYTOPLASM
YKL018C_A	CYTOPLASM
YKL020C	CYTOPLASM
YKL021C	NUCLEOLUS
YKL022C	NUCLEUS
YKL023W	CYTOPLASM
YKL024C	CYTOPLASM
YKL025C	CYTOPLASM
YKL026C	CYTOPLASM
YKL027W	MITOCHON...
YKL028W	NUCLEUS
YKL029C	MITOCHON...
YKL032C	NUCLEUS
YKL033W	CYTOPLASM
YKL035W	CYTOPLASM
YKL038W	NUCLEUS
YKL040C	MITOCHON...
YKL041W	PUNCTATE...
YKL042W	SPINDLE ...
YKL043W	NUCLEUS
YKL046C	ER
YKL047W	CYTOPLASM
YKL048C	CYTOPLASM
YKL049C	NUCLEUS
YKL051W	CELL PER...
YKL052C	SPINDLE ...
YKL053C_A	CYTOPLASM
YKL054C	CYTOPLASM
YKL055C	MITOCHON...
YKL056C	CYTOPLASM
YKL058W	CYTOPLASM
YKL059C	NUCLEUS
YKL060C	CYTOPLASM
YKL061W	PUNCTATE...
YKL063C	CYTOPLASM
YKL065C	ER
YKL067W	CYTOPLASM
YKL068W	NUCLEAR ...
YKL071W	CYTOPLASM
YKL073W	NUCLEUS
YKL074C	NUCLEUS
YKL075C	CYTOPLASM
YKL077W	VACUOLAR...
YKL078W	NUCLEOLUS
YKL079W	BUD TIP
YKL080W	VACUOLAR...
YKL081W	CYTOPLASM
YKL084W	LIPID PA...
YKL085W	MITOCHON...
YKL086W	CYTOPLASM
YKL088W	CYTOPLASM
YKL089W	SPINDLE ...
YKL092C	BUD NECK
YKL095W	NUCLEUS
YKL096W_A	ER
YKL101W	BUD NECK
YKL106W	MITOCHON...
YKL110C	CYTOPLASM
YKL112W	NUCLEOLUS
YKL113C	NUCLEUS
YKL114C	NUCLEUS
YKL116C	CYTOPLASM
YKL117W	CYTOPLASM
YKL119C	ER
YKL122C	ER
YKL125W	CYTOPLASM
YKL126W	CYTOPLASM
YKL127W	CYTOPLASM
YKL128C	CYTOPLASM
YKL129C	CYTOPLASM
YKL130C	CYTOPLASM
YKL135C	PUNCTATE...
YKL138C	MITOCHON...
YKL139W	NUCLEUS
YKL140W	LIPID PA...
YKL142W	CYTOPLASM
YKL143W	CYTOPLASM
YKL145W	NUCLEUS
YKL149C	NUCLEUS
YKL152C	CYTOPLASM
YKL154W	ER
YKL155C	MITOCHON...
YKL156W	CYTOPLASM
YKL157W	CYTOPLASM
YKL160W	NUCLEUS
YKL164C	NUCLEUS
YKL165C	Not visu...
YKL166C	NUCLEUS
YKL167C	MITOCHON...
YKL169C	CYTOPLASM
YKL170W	MITOCHON...
YKL173W	NUCLEUS
YKL179C	LIPID PA...
YKL180W	CYTOPLASM
YKL181W	CYTOPLASM
YKL182W	CYTOPLASM
YKL183W	NUCLEUS
YKL185W	NUCLEUS
YKL186C	NUCLEAR ...
YKL187C	CYTOPLASM
YKL189W	CYTOPLASM
YKL191W	CYTOPLASM
YKL193C	CYTOPLASM
YKL194C	CYTOPLASM
YKL195W	MITOCHON...
YKL197C	PUNCTATE...
YKL204W	CYTOPLASM
YKL205W	NUCLEAR ...
YKL206C	CYTOPLASM
YKL208W	MITOCHON...
YKL210W	CYTOPLASM
YKL211C	CYTOPLASM
YKL212W	ER
YKL213C	CYTOPLASM
YKL214C	CYTOPLASM
YKL215C	CYTOPLASM
YKR001C	PUNCTATE...
YKR002W	CYTOPLASM
YKR003W	CELL PER...
YKR006C	MITOCHON...
YKR007W	VACUOLAR...
YKR008W	NUCLEOLUS
YKR010C	NUCLEOLUS
YKR011C	NUCLEUS
YKR014C	CYTOPLASM
YKR016W	MITOCHON...
YKR018C	CYTOPLASM
YKR020W	PUNCTATE...
YKR022C	ER
YKR023W	CYTOPLASM
YKR024C	NUCLEOLUS
YKR025W	NUCLEUS
YKR026C	CYTOPLASM
YKR027W	GOLGI
YKR029C	NUCLEUS
YKR031C	Not Visu...
YKR036C	MITOCHON...
YKR037C	SPINDLE ...
YKR038C	NUCLEUS
YKR039W	ER
YKR041W	NUCLEUS
YKR042W	CYTOPLASM
YKR043C	CYTOPLASM
YKR044W	CYTOPLASM
YKR045C	CYTOPLASM
YKR049C	MITOCHON...
YKR052C	MITOCHON...
YKR054C	CYTOPLASM
YKR055W	CYTOPLASM
YKR057W	CYTOPLASM
YKR059W	CYTOPLASM
YKR060W	NUCLEOLUS
YKR062W	NUCLEUS
YKR063C	NUCLEUS
YKR065C	MITOCHON...
YKR066C	MITOCHON...
YKR067W	ER
YKR070W	MITOCHON...
YKR071C	CYTOPLASM
YKR072C	CYTOPLASM
YKR074W	CYTOPLASM
YKR075C	CYTOPLASM
YKR076W	CYTOPLASM
YKR077W	NUCLEUS
YKR078W	CYTOPLASM
YKR080W	CYTOPLASM
YKR081C	NUCLEUS
YKR082W	NUCLEAR ...
YKR084C	CYTOPLASM
YKR085C	MITOCHON...
YKR086W	CYTOPLASM
YKR088C	PUNCTATE...
YKR089C	LIPID PA...
YKR090W	CYTOPLASM
YKR092C	NUCLEOLUS
YKR093W	VACUOLE
YKR094C	CYTOPLASM
YKR095W	NUCLEAR ...
YKR096W	CYTOPLASM
YKR099W	PUNCTATE...
YKR103W	NUCLEUS
YLL001W	PUNCTATE...
YLL002W	NUCLEUS
YLL003W	SPINDLE ...
YLL006W	PUNCTATE...
YLL007C	CYTOPLASM
YLL008W	NUCLEUS
YLL010C	CELL PER...
YLL011W	NUCLEOLUS
YLL012W	LIPID PA...
YLL013C	CYTOPLASM
YLL015W	VACUOLAR...
YLL018C	CYTOPLASM
YLL018C_A	CYTOPLASM
YLL022C	NUCLEOLUS
YLL023C	ER
YLL024C	CYTOPLASM
YLL026W	CYTOPLASM
YLL027W	MITOCHON...
YLL028W	CELL PER...
YLL029W	CYTOPLASM
YLL031C	ER
YLL032C	CYTOPLASM
YLL034C	NUCLEUS
YLL036C	NUCLEUS
YLL039C	CYTOPLASM
YLL040C	PUNCTATE...
YLL041C	MITOCHON...
YLL043W	PUNCTATE...
YLL045C	CYTOPLASM
YLL048C	VACUOLAR...
YLL054C	NUCLEUS
YLL060C	CYTOPLASM
YLL061W	ER
YLR002C	NUCLEUS
YLR005W	NUCLEUS
YLR006C	CYTOPLASM
YLR011W	CYTOPLASM
YLR015W	NUCLEUS
YLR017W	CYTOPLASM
YLR018C	NUCLEAR ...
YLR020C	CYTOPLASM
YLR022C	CYTOPLASM
YLR023C	ER
YLR024C	CYTOPLASM
YLR025W	PUNCTATE...
YLR028C	CYTOPLASM
YLR032W	NUCLEUS
YLR033W	NUCLEUS
YLR034C	CYTOPLASM
YLR035C	CYTOPLASM
YLR035C_A	CYTOPLASM
YLR036C	CYTOPLASM
YLR038C	CYTOPLASM
YLR039C	PUNCTATE...
YLR042C	ER
YLR043C	NUCLEUS
YLR044C	NUCLEOLUS
YLR045C	SPINDLE ...
YLR048W	CYTOPLASM
YLR050C	ER
YLR051C	NUCLEOLUS
YLR052W	NUCLEUS
YLR055C	NUCLEUS
YLR056W	ER
YLR058C	CYTOPLASM
YLR059C	MITOCHON...
YLR060W	CYTOPLASM
YLR061W	CYTOPLASM
YLR063W	CYTOPLASM
YLR064W	ER
YLR065C	CYTOPLASM
YLR066W	ER
YLR067C	MITOCHON...
YLR068W	NUCLEOLUS
YLR069C	MITOCHON...
YLR071C	NUCLEUS
YLR072W	PUNCTATE...
YLR073C	PUNCTATE...
YLR074C	NUCLEUS
YLR075W	CYTOPLASM
YLR079W	CYTOPLASM
YLR080W	VACUOLAR...
YLR082C	CYTOPLASM
YLR083C	PUNCTATE...
YLR084C	BUD NECK
YLR085C	CYTOPLASM
YLR086W	CYTOPLASM
YLR088W	ER
YLR090W	CYTOPLASM
YLR091W	MITOCHON...
YLR094C	CYTOPLASM
YLR095C	CYTOPLASM
YLR096W	Not visu...
YLR100W	LIPID PA...
YLR102C	CYTOPLASM
YLR103C	CYTOPLASM
YLR105C	MITOCHON...
YLR106C	CYTOPLASM
YLR107W	NUCLEUS
YLR108C	MITOCHON...
YLR109W	CYTOPLASM
YLR110C	ER
YLR113W	CYTOPLASM
YLR114C	CYTOPLASM
YLR115W	NUCLEUS
YLR116W	NUCLEUS
YLR117C	NUCLEUS
YLR120C	ER
YLR126C	CYTOPLASM
YLR127C	CYTOPLASM
YLR129W	NUCLEUS
YLR130C	ER
YLR131C	CYTOPLASM
YLR132C	CYTOPLASM
YLR133W	CYTOPLASM
YLR134W	NUCLEUS
YLR135W	NUCLEUS
YLR136C	CYTOPLASM
YLR138W	CELL PER...
YLR139C	MITOCHON...
YLR141W	NUCLEOLUS
YLR142W	MITOCHON...
YLR143W	CYTOPLASM
YLR144C	CYTOPLASM
YLR146C	CYTOPLASM
YLR148W	PUNCTATE...
YLR149C	CYTOPLASM
YLR150W	CYTOPLASM
YLR153C	NUCLEUS
YLR166C	CELL PER...
YLR172C	CYTOPLASM
YLR175W	NUCLEUS
YLR176C	NUCLEUS
YLR178C	CYTOPLASM
YLR179C	CYTOPLASM
YLR180W	CYTOPLASM
YLR181C	PUNCTATE...
YLR182W	NUCLEUS
YLR183C	NUCLEUS
YLR185W	CYTOPLASM
YLR186W	CYTOPLASM
YLR187W	CYTOPLASM
YLR188W	MITOCHON...
YLR189C	CYTOPLASM
YLR190W	CYTOPLASM
YLR191W	PUNCTATE...
YLR192C	CYTOPLASM
YLR193C	MITOCHON...
YLR194C	ER
YLR196W	NUCLEUS
YLR197W	NUCLEOLUS
YLR199C	CYTOPLASM
YLR200W	CYTOPLASM
YLR201C	MITOCHON...
YLR203C	MITOCHON...
YLR204W	MITOCHON...
YLR206W	PUNCTATE...
YLR208W	PUNCTATE...
YLR210W	MITOCHON...
YLR211C	CYTOPLASM
YLR212C	SPINDLE ...
YLR215C	CYTOPLASM
YLR216C	NUCLEUS
YLR218C	CYTOPLASM
YLR219W	CELL PER...
YLR220W	NOT VISU...
YLR221C	NUCLEOLUS
YLR222C	NUCLEOLUS
YLR223C	NUCLEUS
YLR225C	CYTOPLASM
YLR226W	NUCLEUS
YLR228C	CYTOPLASM
YLR231C	CYTOPLASM
YLR234W	NUCLEUS
YLR237W	CELL PER...
YLR239C	MITOCHON...
YLR240W	PUNCTATE...
YLR244C	NUCLEUS
YLR245C	NUCLEUS
YLR248W	CYTOPLASM
YLR249W	CYTOPLASM
YLR253W	MITOCHON...
YLR254C	NUCLEUS
YLR257W	CYTOPLASM
YLR258W	CYTOPLASM
YLR260W	CYTOPLASM
YLR262C	ER
YLR262C_A	NUCLEUS
YLR263W	CYTOPLASM
YLR264W	CYTOPLASM
YLR265C	CYTOPLASM
YLR266C	CYTOPLASM
YLR268W	PUNCTATE...
YLR270W	CYTOPLASM
YLR271W	NUCLEUS
YLR272C	NUCLEUS
YLR275W	NUCLEUS
YLR277C	NUCLEUS
YLR281C	MITOCHON...
YLR285W	NUCLEUS
YLR287C	CYTOPLASM
YLR287C_A	CYTOPLASM
YLR289W	MITOCHON...
YLR290C	MITOCHON...
YLR292C	ER
YLR295C	MITOCHON...
YLR299W	CYTOPLASM
YLR300W	Not Visu...
YLR301W	CYTOPLASM
YLR309C	CYTOPLASM
YLR310C	CYTOPLASM
YLR312W_A	MITOCHON...
YLR313C	BUD NECK
YLR315W	SPINDLE ...
YLR316C	CYTOPLASM
YLR319C	CELL PER...
YLR321C	NUCLEUS
YLR323C	NUCLEUS
YLR324W	PUNCTATE...
YLR325C	CYTOPLASM
YLR327C	CYTOPLASM
YLR328W	CYTOPLASM
YLR332W	CELL PER...
YLR333C	CYTOPLASM
YLR335W	NUCLEAR ...
YLR336C	NUCLEOLUS
YLR344W	CYTOPLASM
YLR345W	CYTOPLASM
YLR346C	MITOCHON...
YLR347C	CYTOPLASM
YLR348C	MITOCHON...
YLR350W	ER
YLR351C	MITOCHON...
YLR353W	BUD NECK
YLR354C	NUCLEUS
YLR357W	NUCLEOLUS
YLR360W	PUNCTATE...
YLR362W	CYTOPLASM
YLR363W_A	NUCLEUS
YLR364W	CYTOPLASM
YLR367W	SPINDLE ...
YLR369W	MITOCHON...
YLR370C	CYTOPLASM
YLR372W	ER
YLR373C	NUCLEUS
YLR375W	NUCLEUS
YLR376C	CYTOPLASM
YLR378C	ER
YLR380W	CYTOPLASM
YLR381W	SPINDLE ...
YLR382C	MITOCHON...
YLR383W	CYTOPLASM
YLR384C	CYTOPLASM
YLR385C	NUCLEUS
YLR386W	VACUOLE
YLR387C	CYTOPLASM
YLR388W	CYTOPLASM
YLR392C	CYTOPLASM
YLR393W	MITOCHON...
YLR395C	MITOCHON...
YLR396C	PUNCTATE...
YLR397C	CYTOPLASM
YLR398C	CYTOPLASM
YLR399C	NUCLEOLUS
YLR401C	NUCLEUS
YLR403W	NUCLEUS
YLR409C	PUNCTATE...
YLR410W	NUCLEUS
YLR413W	CELL PER...
YLR418C	NUCLEUS
YLR420W	CYTOPLASM
YLR421C	NUCLEUS
YLR424W	NUCLEUS
YLR427W	CYTOPLASM
YLR429W	PUNCTATE...
YLR430W	NUCLEUS
YLR432W	CYTOPLASM
YLR433C	CYTOPLASM
YLR435W	NUCLEUS
YLR436C	CYTOPLASM
YLR438C_A	CYTOPLASM
YLR438W	CYTOPLASM
YLR440C	ER
YLR441C	CYTOPLASM
YLR442C	NUCLEAR ...
YLR447C	VACUOLAR...
YLR449W	NUCLEOLUS
YLR450W	NUCLEAR ...
YLR451W	NUCLEUS
YLR452C	CYTOPLASM
YLR453C	CYTOPLASM
YLR454W	CYTOPLASM
YLR455W	NUCLEUS
YLR457C	SPINDLE ...
YML001W	CYTOPLASM
YML004C	CYTOPLASM
YML005W	MITOCHON...
YML006C	CYTOPLASM
YML007C_A	MITOCHON...
YML008C	LIPID PA...
YML009C	MITOCHON...
YML010W	NUCLEUS
YML011C	NUCLEUS
YML012W	ER
YML013W	ER
YML014W	CYTOPLASM
YML016C	ER
YML017W	CYTOPLASM
YML018C	VACUOLAR...
YML020W	CYTOPLASM
YML021C	NUCLEUS
YML022W	CYTOPLASM
YML024W	CYTOPLASM
YML026C	CYTOPLASM
YML027W	NUCLEUS
YML028W	CYTOPLASM
YML030W	MITOCHON...
YML031W	NUCLEAR ...
YML032C	NUCLEUS
YML034W	NUCLEAR ...
YML035C	CYTOPLASM
YML038C	PUNCTATE...
YML041C	NUCLEUS
YML043C	SPINDLE ...
YML046W	NUCLEUS
YML048W	ER
YML049C	CELL PER...
YML051W	NUCLEUS
YML052W	plasma m...
YML055W	ER
YML056C	CYTOPLASM
YML057W	CYTOPLASM
YML058W	CYTOPLASM
YML058W_A	CYTOPLASM
YML059C	ER
YML060W	NUCLEUS
YML062C	NUCLEUS
YML063W	CYTOPLASM
YML064C	SPINDLE ...
YML067C	ER
YML069W	NUCLEUS
YML070W	CYTOPLASM
YML071C	PUNCTATE...
YML072C	CELL PER...
YML074C	NUCLEUOLUS
YML075C	NUCLEAR ...
YML076C	NUCLEUS
YML078W	MITOCHON...
YML079W	CYTOPLASM
YML080W	NUCLEUS
YML081C_A	MITOCHON...
YML081W	Not visu...
YML082W	CYTOPLASM
YML085C	MICROTUBULE
YML086C	MITOCHON...
YML088W	CYTOPLASM
YML091C	MITOCHON...
YML093W	NUCLEOLUS
YML094W	CYTOPLASM
YML095C	CYTOPLASM
YML096W	CYTOPLASM
YML097C	CYTOPLASM
YML098W	CYTOPLASM
YML099C	Not visu...
YML100W	CYTOPLASM
YML101C	ER
YML102W	NUCLEUS
YML103C	NUCLEAR ...
YML105C	CYTOPLASM
YML107C	NUCLEAR ...
YML108W	NUCLEUS
YML109W	CYTOPLASM
YML110C	MITOCHON...
YML111W	NUCLEUS
YML112W	CYTOPLASM
YML113W	NUCLEUS
YML115C	PUNCTATE...
YML117W	CYTOPLASM
YML120C	MITOCHON...
YML121W	VACUOLAR...
YML124C	MICROTUBULE
YML125C	ER
YML126C	NUCLEUS
YML127W	NUCLEUS
YML129C	MITOCHON...
YML131W	CYTOPLASM
YMR001C	BUD NECK
YMR002W	CYTOPLASM
YMR003W	MITOCHON...
YMR004W	PUNCTATE...
YMR009W	CYTOPLASM
YMR012W	CYTOPLASM
YMR014W	NUCLEUS
YMR015C	ER
YMR016C	NUCLEUS
YMR019W	NUCLEUS
YMR022W	ER
YMR023C	MITOCHON...
YMR024W	MITOCHON...
YMR026C	PUNCTATE...
YMR027W	CYTOPLASM
YMR029C	CYTOPLASM
YMR030W	MITOCHON...
YMR031C	PUNCTATE...
YMR032W	BUD NECK
YMR036C	CYTOPLASM
YMR037C	CYTOPLASM
YMR038C	CYTOPLASM
YMR039C	NUCLEUS
YMR042W	NUCLEUS
YMR043W	NUCLEUS
YMR044W	NUCLEUS
YMR047C	CYTOPLASM
YMR049C	CYTOPLASM
YMR052W	ER
YMR055C	SPINDLE ...
YMR056C	MITOCHON...
YMR058W	VACUOLE
YMR059W	MITOCHON...
YMR060C	MITOCHON...
YMR061W	NUCLEUS
YMR062C	MITOCHON...
YMR064W	MITOCHON...
YMR066W	MITOCHON...
YMR069W	CYTOPLASM
YMR070W	NUCLEUS
YMR071C	PUNCTATE...
YMR073C	CYTOPLASM
YMR074C	CYTOPLASM
YMR075W	NUCLEUS
YMR076C	NUCLEUS
YMR077C	VACUOLAR...
YMR078C	CYTOPLASM
YMR079W	CYTOPLASM
YMR080C	CYTOPLASM
YMR083W	MITOCHON...
YMR086W	CELL PER...
YMR089C	MITOCHON...
YMR091C	NUCLEUS
YMR092C	PUNCTATE...
YMR093W	NUCLEOLUS
YMR097C	MITOCHON...
YMR098C	MITOCHON...
YMR099C	CYTOPLASM
YMR104C	CYTOPLASM
YMR106C	NUCLEUS
YMR108W	MITOCHON...
YMR109W	PUNCTATE...
YMR111C	NUCLEOLUS
YMR112C	NUCLEUS
YMR113W	CYTOPLASM
YMR115W	MITOCHON...
YMR117C	SPINDLE ...
YMR119W	NUCLEAR ...
YMR120C	CYTOPLASM
YMR121C	NUCLEOLUS
YMR122W_A	ER
YMR123W	ER
YMR124W	PUNCTATE...
YMR125W	NUCLEUS
YMR127C	NUCLEUS
YMR128W	NUCLEUS
YMR129W	NUCLEAR ...
YMR131C	NUCLEUS
YMR132C	CYTOPLASM
YMR134W	ER
YMR135C	CYTOPLASM
YMR137C	CYTOPLASM
YMR138W	CYTOPLASM
YMR139W	CYTOPLASM
YMR140W	CYTOPLASM
YMR142C	CYTOPLASM
YMR144W	NUCLEUS
YMR145C	MITOCHON...
YMR149W	ER
YMR152W	ER
YMR153W	NUCLEAR ...
YMR157C	MITOCHON...
YMR159C	CYTOPLASM
YMR160W	MITOCHON...
YMR162C	CYTOPLASM
YMR165C	CYTOPLASM
YMR166C	MITOCHON...
YMR167W	CYTOPLASM
YMR168C	MICROTUBULE
YMR169C	CYTOPLASM
YMR170C	CYTOPLASM
YMR171C	PUNCTATE...
YMR172W	NUCLEOLUS
YMR173W	CYTOPLASM
YMR174C	CYTOPLASM
YMR176W	CYTOPLASM
YMR177W	MITOCHON...
YMR178W	CYTOPLASM
YMR179W	CYTOPLASM
YMR183C	PUNCTATE...
YMR184W	CYTOPLASM
YMR186W	CYTOPLASM
YMR192W	CYTOPLASM
YMR193W	NUCLEOLUS
YMR194W	CYTOPLASM
YMR196W	CYTOPLASM
YMR198W	CYTOPLASM
YMR199W	CYTOPLASM
YMR200W	ER
YMR201C	NUCLEOLUS
YMR204C	PUNCTATE...
YMR207C	MICROTUBULE
YMR208W	CYTOPLASM
YMR212C	CELL PER...
YMR215W	ER
YMR216C	CYTOPLASM
YMR218C	PUNCTATE...
YMR219W	NUCLEAR ...
YMR220W	CYTOPLASM
YMR221C	VACUOLE
YMR223W	NUCLEUS
YMR224C	MUCLEUS
YMR225C	MITOCHON...
YMR226C	CYTOPLASM
YMR227C	NUCLEUS
YMR229C	NUCLEUS
YMR230W	CYTOPLASM
YMR231W	PUNCTATE...
YMR232W	CYTOPLASM
YMR234W	CYTOPLASM
YMR235C	CYTOPLASM
YMR236W	NUCLEUS
YMR237W	PUNCTATE...
YMR238W	ER
YMR239C	NUCLEUS
YMR240C	NUCLEUS
YMR241W	MITOCHON...
YMR242C	CYTOPLASM
YMR243C	VACUOLAR...
YMR244C_A	CYTOPLASM
YMR246W	LIPID PA...
YMR250W	CYTOPLASM
YMR252C	MITOCHON...
YMR255W	CYTOPLASM
YMR256C	MITOCHON...
YMR257C	Not visu...
YMR258C	CYTOPLASM
YMR260C	CYTOPLASM
YMR261C	CYTOPLASM
YMR263W	NUCLEUS
YMR264W	ER
YMR266W	CELL PER...
YMR268C	CYTOPLASM
YMR269W	NUCLEOLUS
YMR270C	NUCLEOLUS
YMR272C	ER
YMR275C	CYTOPLASM
YMR276W	CYTOPLASM
YMR277W	NUCLEUS
YMR278W	CYTOPLASM
YMR281W	CYTOPLASM
YMR282C	MITOCHON...
YMR284W	NUCLEUS
YMR285C	CYTOPLASM
YMR286W	MITOCHON...
YMR287C	MITOCHON...
YMR288W	NUCLEUS
YMR289W	CYTOPLASM
YMR291W	CYTOPLASM
YMR292W	ER
YMR293C	MITOCHON...
YMR296C	ER
YMR297W	CYTOPLASM
YMR299C	PUNCTATE...
YMR300C	CYTOPLASM
YMR301C	MITOCHON...
YMR302C	MITOCHON...
YMR303C	CYTOPLASM
YMR304W	CYTOPLASM
YMR308C	CYTOPLASM
YMR309C	CYTOPLASM
YMR310C	NUCLEUS
YMR313C	LIPID PA...
YMR315W	CYTOPLASM
YMR318C	CYTOPLASM
YMR319C	CELL PER...
YNL001W	CYTOPLASM
YNL004W	NUCLEUS
YNL005C	MITOCHON...
YNL007C	CYTOPLASM
YNL008C	NUCLEAR ...
YNL015W	CYTOPLASM
YNL016W	CYTOPLASM
YNL020C	PUNCTATE...
YNL021W	NUCLEUS
YNL022C	NUCLEUS
YNL025C	NUCLEOLUS
YNL027W	CYTOPLASM
YNL030W	NUCLEUS
YNL032W	CYTOPLASM
YNL035C	NUCLEUS
YNL036W	CYTOPLASM
YNL037C	MITOCHON...
YNL039W	NUCLEUS
YNL040W	CYTOPLASM
YNL041C	PUNCTATE...
YNL042W	NUCLEUS
YNL044W	PUNCTATE...
YNL045W	CYTOPLASM
YNL046W	ER
YNL048W	Not visu...
YNL049C	PUNCTATE...
YNL051W	PUNCTATE...
YNL052W	MITOCHON...
YNL053W	CYTOPLASM
YNL055C	MITOCHON...
YNL056W	CYTOPLASM
YNL059C	NUCLEUS
YNL061W	NUCLEOLUS
YNL062C	NUCLEUS
YNL064C	NUCLEUS
YNL065W	VACUOLE
YNL066W	MITOCHON...
YNL067W	CYTOPLASM
YNL068C	NUCLEUS
YNL071W	MITOCHON...
YNL072W	CYTOPLASM
YNL073W	MITOCHON...
YNL074C	CYTOPLASM
YNL076W	CYTOPLASM
YNL077W	CYTOPLASM
YNL081C	MITOCHON...
YNL083W	MITOCHON...
YNL084C	PUNCTATE...
YNL085W	CYTOPLASM
YNL087W	CELL PER...
YNL088W	NUCLEUS
YNL090W	CYTOPLASM
YNL091W	CYTOPLASM
YNL094W	CYTOPLASM
YNL095C	ER
YNL096C	CYTOPLASM
YNL097C	NUCLEUS
YNL098C	CYTOPLASM
YNL102W	NUCLEUS
YNL103W	NUCLEUS
YNL104C	MITOCHON...
YNL106C	PUNCTATE...
YNL108C	CYTOPLASM
YNL111C	ER
YNL112W	CYTOPLASM
YNL113W	NUCLEOLUS
YNL116W	CYTOPLASM
YNL118C	CYTOPLASM
YNL119W	CYTOPLASM
YNL121C	MITOCHON...
YNL122C	MITOCHON...
YNL123W	NUCLEUS
YNL124W	NUCLEUS
YNL125C	Not visu...
YNL126W	SPINDLE ...
YNL127W	CYTOPLASM
YNL132W	PUNCTATE...
YNL133C	NUCLEUS
YNL134C	CYTOPLASM
YNL135C	CYTOPLASM
YNL136W	NUCLEUS
YNL137C	MITOCHON...
YNL138W	CYTOPLASM
YNL139C	NUCLEUS
YNL141W	CYTOPLASM
YNL142W	CELL PER...
YNL143C	CYTOPLASM
YNL146W	ER
YNL147W	CYTOPLASM
YNL148C	CYTOPLASM
YNL149C	ER
YNL152W	CYTOPLASM
YNL153C	CYTOPLASM
YNL154C	Not visu...
YNL155W	CYTOPLASM
YNL156C	ER
YNL157W	NUCLEUS
YNL158W	NUCLEAR ...
YNL162W	CYTOPLASM
YNL162W_A	CYTOPLASM
YNL163C	CYTOPLASM
YNL164C	CYTOPLASM
YNL166C	BUD NECK
YNL167C	NUCLEUS
YNL168C	MITOCHON...
YNL169C	MITOCHON...
YNL172W	CYTOPLASM
YNL173C	CELL PER...
YNL175C	NUCLEUS
YNL176C	CYTOPLASM
YNL177C	MITOCHON...
YNL180C	NUCLEUS
YNL183C	CYTOPLASM
YNL185C	MITOCHON...
YNL186W	NUCLEUS
YNL189W	NUCLEAR ...
YNL191W	CYTOPLASM
YNL194C	CELL PER...
YNL197C	CYTOPLASM
YNL198C	MITOCHON...
YNL200C	CYTOPLASM
YNL201C	NUCLEUS
YNL206C	NUCLEUS
YNL207W	CYTOPLASM
YNL209W	CYTOPLASM
YNL211C	Not visu...
YNL213C	MITOCHON...
YNL214W	PUNCTATE...
YNL216W	NUCLEUS
YNL218W	NUCLEUS
YNL219C	ER
YNL220W	CYTOPLASM
YNL221C	CYTOPLASM
YNL224C	CYTOPLASM
YNL225C	SPINDLE ...
YNL227C	CYTOPLASM
YNL229C	CYTOPLASM
YNL231C	LIPID PA...
YNL232W	NUCLEUS
YNL233W	BUD NECK
YNL236W	CYTOPLASM
YNL238W	PUNCTATE...
YNL239W	MITOCHON...
YNL241C	CYTOPLASM
YNL242W	CYTOPLASM
YNL243W	CELL PER...
YNL245C	NUCLEUS
YNL246W	NUCLEUS
YNL250W	NUCLEUS
YNL251C	NUCLEUS
YNL254C	CYTOPLASM
YNL255C	CYTOPLASM
YNL256W	MITOCHON...
YNL257C	CYTOPLASM
YNL258C	CELL PER...
YNL259C	CYTOPLASM
YNL261W	CYTOPLASM
YNL262W	NUCLEUS
YNL264C	CYTOPLASM
YNL265C	PUNCTATE...
YNL267W	CYTOPLASM
YNL268W	CELL PER...
YNL271C	BUD NECK
YNL272C	BUD NECK
YNL274C	CYTOPLASM
YNL277W	CYTOPLASM
YNL278W	CYTOPLASM
YNL280C	NUCLEAR ...
YNL281W	CYTOPLASM
YNL282W	NUCLEUS
YNL283C	CELL PER...
YNL284C	MITOCHON...
YNL286W	NUCLEUS
YNL287W	PUNCTATE...
YNL288W	CYTOPLASM
YNL290W	NUCLEUS
YNL293W	CYTOPLASM
YNL297C	PUNCTATE...
YNL298W	BUD NECK
YNL301C	CYTOPLASM
YNL302C	CYTOPLASM
YNL304W	CYTOPLASM
YNL306W	MITOCHON...
YNL307C	CYTOPLASM
YNL308C	NUCLEOLUS
YNL309W	NUCLEOLUS
YNL310C	MITOCHON...
YNL311C	CYTOPLASM
YNL312W	NUCLEOLUS
YNL313C	CYTOPLASM
YNL316C	CYTOPLASM
YNL317W	NUCLEUS
YNL322C	ER
YNL323W	ER
YNL325C	VACUOLAR...
YNL327W	CELL PER...
YNL328C	MITOCHON...
YNL329C	PUNCTATE...
YNL330C	MIX CULT
YNR001C	MITOCHON...
YNR004W	NUCLEOLUS
YNR006W	PUNCTATE...
YNR009W	NUCLEUS
YNR010W	NUCLEUS
YNR011C	NUCLEUS
YNR012W	CYTOPLASM
YNR013C	ER
YNR014W	CYTOPLASM
YNR015W	PUNCTATE...
YNR016C	PUNCTATE...
YNR017W	MITOCHON...
YNR019W	ER
YNR021W	ER
YNR024W	NUCLEUS
YNR026C	ER
YNR028W	NOT VISU...
YNR029C	CYTOPLASM
YNR030W	ER
YNR031C	CYTOPLASM
YNR032W	CYTOPLASM
YNR033W	CYTOPLASM
YNR034W_A	CYTOPLASM
YNR035C	PUNCTATE...
YNR038W	NUCLEOLUS
YNR040W	MITOCHON...
YNR041C	MITOCHON...
YNR043W	CYTOPLASM
YNR044W	ER
YNR045W	MITOCHON...
YNR046W	CYTOPLASM
YNR047W	CYTOPLASM
YNR048W	CYTOPLASM
YNR049C	BUD NECK
YNR050C	CYTOPLASM
YNR051C	CYTOPLASM
YNR052C	CYTOPLASM
YNR053C	NUCLEUS
YNR055C	CELL PER...
YNR056C	CELL PER...
YNR075W	CELL PER...
YOL001W	CYTOPLASM
YOL005C	NUCLEUS
YOL006C	NUCLEOLUS
YOL010W	NUCLEUS
YOL011W	PUNCTATE...
YOL012C	NUCLEUS
YOL013C	ER
YOL016C	CYTOPLASM
YOL017W	CYTOPLASM
YOL019W	CELL PER...
YOL020W	CELL PER...
YOL021C	CYTOPLASM
YOL022C	CYTOPLASM
YOL023W	MITOCHON...
YOL027C	MITOCHON...
YOL028C	NUCLEUS
YOL030W	ER
YOL031C	CYTOPLASM
YOL032W	NUCLEUS
YOL033W	MITOCHON...
YOL034W	Not Visu...
YOL038W	NUCLEUS
YOL039W	CYTOPLASM
YOL041C	NUCLEUS
YOL042W	MITOCHON...
YOL044W	PUNCTATE...
YOL049W	CYTOPLASM
YOL051W	NUCLEUS
YOL052C	CYTOPLASM
YOL052C_A	CYTOPLASM
YOL054W	NUCLEOLUS
YOL055C	CYTOPLASM
YOL056W	CYTOPLASM
YOL057W	CYTOPLASM
YOL058W	CYTOPLASM
YOL059W	CYTOPLASM
YOL060C	VACUOLAR...
YOL061W	CYTOPLASM
YOL062C	BUD NECK
YOL066C	CYTOPLASM
YOL067C	CYTOPLASM
YOL068C	NUCLEUS
YOL069W	NUCLEUS
YOL070C	BUD NECK
YOL071W	MITOCHON...
YOL072W	NUCLEAR ...
YOL076W	CYTOPLASM
YOL077C	NUCLEOLUS
YOL077W_A	MITOCHON...
YOL080C	NUCLEOLUS
YOL081W	CYTOPLASM
YOL084W	CELL PER...
YOL088C	NUCLEUS
YOL089C	NUCLEUS
YOL090W	NUCLEUS
YOL092W	VACUOLAR...
YOL093W	NUCLEUS
YOL096C	MITOCHON...
YOL097C	CYTOPLASM
YOL098C	CYTOPLASM
YOL100W	plasma m...
YOL103W	CELL PER...
YOL105C	CELL PER...
YOL107W	PUNCTATE...
YOL108C	CYTOPLASM
YOL111C	CYTOPLASM
YOL112W	BUD NECK
YOL113W	CYTOPLASM
YOL115W	NUCLEUS
YOL116W	MICROTUBULE
YOL117W	CYTOPLASM
YOL121C	CYTOPLASM
YOL123W	NUCLEUS
YOL124C	CYTOPLASM
YOL125W	CYTOPLASM
YOL126C	PUNCTATE...
YOL129W	VACUOLAR...
YOL133W	CYTOPLASM
YOL134C	CYTOPLASM
YOL135C	NUCLEUS
YOL136C	CYTOPLASM
YOL137W	PUNCTATE...
YOL138C	Not Visu...
YOL139C	CYTOPLASM
YOL140W	MITOCHON...
YOL141W	NUCLEUS
YOL143C	CYTOPLASM
YOL144W	NUCLEOLUS
YOL145C	NUCLEUS
YOL147C	PUNCTATE...
YOL148C	NUCLEUS
YOL151W	CYTOPLASM
YOL154W	CYTOPLASM
YOL159C_A	CYTOPLASM
YOR001W	NUCLEUS
YOR002W	ER
YOR004W	MITOCHON...
YOR007C	CYTOPLASM
YOR008C	BUD NECK
YOR014W	CYTOPLASM
YOR016C	ER
YOR017W	MITOCHON...
YOR018W	CYTOPLASM
YOR022C	MITOCHON...
YOR023C	CYTOPLASM
YOR026W	CYTOPLASM
YOR027W	CYTOPLASM
YOR028C	NUCLEUS
YOR033C	CYTOPLASM
YOR035C	CYTOPLASM
YOR037W	MITOCHON...
YOR039W	NUCLEUS
YOR040W	MITOCHON...
YOR042W	PUNCTATE...
YOR043W	CELL PER...
YOR044W	ER
YOR045W	MITOCHON...
YOR048C	NUCLEUS
YOR052C	NUCLEUS
YOR056C	NUCLEUS
YOR057W	CYTOPLASM
YOR058C	spindle
YOR060C	SPINDLE ...
YOR061W	NUCLEUS
YOR062C	CYTOPLASM
YOR063W	CYTOPLASM
YOR064C	NUCLEUS
YOR065W	MITOCHON...
YOR070C	CYTOPLASM
YOR073W	SPINDLE ...
YOR074C	MITOCHON...
YOR075W	Not visu...
YOR076C	CYTOPLASM
YOR077W	NUCLEUS
YOR078W	NUCLEUS
YOR081C	LIPID PA...
YOR083W	NUCLEUS
YOR084W	CYTOPLASM
YOR086C	CELL PER...
YOR087W	ER
YOR089C	CYTOPLASM
YOR091W	CYTOPLASM
YOR092W	ER
YOR094W	CELL PER...
YOR095C	CYTOPLASM
YOR098C	NUCLEAR ...
YOR101W	CYTOPLASM
YOR104W	CELL PER...
YOR107W	NUCLEUS
YOR108W	MITOCHON...
YOR109W	PUNCTATE...
YOR110W	NUCLEUS
YOR112W	PUNCTATE...
YOR113W	NUCLEUS
YOR115C	PUNCTATE...
YOR116C	NUCLEUS
YOR117W	NUCLEUS
YOR118W	CYTOPLASM
YOR122C	CYTOPLASM
YOR123C	NUCLEUS
YOR124C	CYTOPLASM
YOR127W	CYTOPLASM
YOR128C	CYTOPLASM
YOR129C	CYTOPLASM
YOR131C	CYTOPLASM
YOR132W	PUNCTATE...
YOR133W	CYTOPLASM
YOR136W	MITOCHON...
YOR138C	NUCLEUS
YOR140W	NUCLEUS
YOR141C	CYTOPLASM
YOR142W	MITOCHON...
YOR143C	CYTOPLASM
YOR144C	NUCLEUS
YOR147W	MITOCHON...
YOR148C	CYTOPLASM
YOR150W	MITOCHON...
YOR151C	NUCLEUS
YOR152C	CYTOPLASM
YOR153W	CELL PER...
YOR154W	CYTOPLASM
YOR156C	CYTOPLASM
YOR157C	CYTOPLASM
YOR160W	BUD NECK
YOR161C	CELL PER...
YOR162C	NUCLEUS
YOR163W	CYTOPLASM
YOR164C	CYTOPLASM
YOR165W	PUNCTATE...
YOR167C	CYTOPLASM
YOR168W	CYTOPLASM
YOR171C	CYTOPLASM
YOR172W	NUCLEUS
YOR173W	CYTOPLASM
YOR174W	NUCLEUS
YOR175C	ER
YOR176W	MITOCHON...
YOR179C	NUCLEUS
YOR181W	PUNCTATE...
YOR182C	CYTOPLASM
YOR184W	CYTOPLASM
YOR185C	CYTOPLASM
YOR189W	NUCLEUS
YOR193W	PUNCTATE...
YOR195W	SPINDLE ...
YOR196C	MITOCHON...
YOR197W	CYTOPLASM
YOR198C	ER
YOR201C	MITOCHON...
YOR205C	MITOCHON...
YOR206W	NUCLEOLUS
YOR208W	NUCLEUS
YOR209C	CYTOPLASM
YOR210W	NUCLEOLUS
YOR212W	CELL PER...
YOR213C	CYTOPLASM
YOR216C	PUNCTATE...
YOR217W	NUCLEUS
YOR220W	CYTOPLASM
YOR221C	MITOCHON...
YOR224C	NUCLEUS
YOR226C	MITOCHON...
YOR227W	CYTOPLASM
YOR229W	NUCLEUS
YOR230W	NUCLEOLUS
YOR231W	Not Visu...
YOR233W	CELL PER...
YOR234C	CYTOPLASM
YOR236W	PUNCTATE...
YOR238W	CYTOPLASM
YOR239W	CYTOPLASM
YOR241W	NUCLEUS
YOR243C	MITOCHON...
YOR244W	CYTOPLASM
YOR245C	ER
YOR246C	LIPID PA...
YOR247W	Not Visu...
YOR249C	NUCLEUS
YOR252W	NUCLEUS
YOR253W	CYTOPLASM
YOR254C	ER
YOR258W	CYTOPLASM
YOR259C	NUCLEUS
YOR260W	CYTOPLASM
YOR261C	CYTOPLASM
YOR262W	CYTOPLASM
YOR264W	BUD NECK
YOR265W	CELL PER...
YOR266W	MITOCHON...
YOR267C	CYTOPLASM
YOR269W	CYTOPLASM
YOR270C	VACUOLAR...
YOR272W	NUCLEOLUS
YOR273C	CELL PER...
YOR274W	CYTOPLASM
YOR275C	NUCLEUS
YOR276W	CYTOPLASM
YOR281C	CYTOPLASM
YOR284W	PUNCTATE...
YOR286W	MITOCHON...
YOR289W	CYTOPLASM
YOR290C	NUCLEUS
YOR291W	ER
YOR292C	CYTOPLASM
YOR293W	NUCLEOLUS
YOR296W	CYTOPLASM
YOR297C	MITOCHON...
YOR298C_A	CYTOPLASM
YOR299W	PUNCTATE...
YOR302W	CYTOPLASM
YOR303W	CYTOPLASM
YOR304C_A	BUD NECK
YOR304W	NUCLEUS
YOR305W	MITOCHON...
YOR307C	ER
YOR308C	NUCLEUS
YOR315W	CYTOPLASM
YOR316C	VACUOLAR...
YOR317W	ER
YOR319W	NUCLEUS
YOR321W	ER
YOR322C	NUCLEUS
YOR323C	CYTOPLASM
YOR324C	CYTOPLASM
YOR326W	CYTOPLASM
YOR327C	Not visu...
YOR329C	Not visu...
YOR330C	MITOCHON...
YOR332W	VACUOLAR...
YOR334W	MITOCHON...
YOR335C	CYTOPLASM
YOR336W	CYTOPLASM
YOR337W	NUCLEUS
YOR340C	NUCLEOLUS
YOR341W	NUCLEOLUS
YOR347C	CYTOPLASM
YOR350C	MITOCHON...
YOR352W	CYTOPLASM
YOR353C	CYTOPLASM
YOR354C	MITOCHON...
YOR355W	NUCLEUS
YOR356W	MITOCHON...
YOR357C	VACUOLAR...
YOR358W	NUCLEUS
YOR359W	CYTOPLASM
YOR360C	CYTOPLASM
YOR361C	CYTOPLASM
YOR362C	CYTOPLASM
YOR363C	CYTOPLASM
YOR367W	CYTOPLASM
YOR370C	CYTOPLASM
YOR371C	CYTOPLASM
YOR372C	NUCLEUS
YOR373W	SPINDLE ...
YOR374W	MITOCHON...
YOR375C	CYTOPLASM
YOR377W	ER
YOR385W	CYTOPLASM
YOR386W	NUCLEUS
YPL004C	plasma m...
YPL005W	MITOCHON...
YPL007C	CYTOPLASM
YPL009C	CYTOPLASM
YPL010W	PUNCTATE...
YPL011C	NUCLEUS
YPL012W	NUCLEUS
YPL013C	MITOCHON...
YPL014W	CYTOPLASM
YPL016W	NUCLEUS
YPL017C	CYTOPLASM
YPL018W	SPINDLE ...
YPL020C	NUCLEAR ...
YPL022W	NUCLEUS
YPL024W	NUCLEUS
YPL026C	CYTOPLASM
YPL028W	NUCLEUS
YPL029W	MITOCHON...
YPL030W	CYTOPLASM
YPL031C	CYTOPLASM
YPL032C	CYTOPLASM
YPL037C	CYTOPLASM
YPL038W	CYTOPLASM
YPL040C	MITOCHON...
YPL043W	NUCLEOLUS
YPL046C	NUCLEOLUS
YPL047W	NUCLEUS
YPL049C	NUCLEUS
YPL050C	PUNCTATE...
YPL051W	PUNCTATE...
YPL053C	Not visu...
YPL055C	NUCLEUS
YPL058C	CELL PER...
YPL059W	MITOCHON...
YPL060W	MITOCHON...
YPL061W	CYTOPLASM
YPL063W	MITOCHON...
YPL064C	NUCLEUS
YPL066W	CYTOPLASM
YPL067C	CYTOPLASM
YPL068C	CYTOPLASM
YPL069C	MITOCHON...
YPL070W	CYTOPLASM
YPL071C	CYTOPLASM
YPL074W	CYTOPLASM
YPL075W	CYTOPLASM
YPL076W	LIPID PA...
YPL078C	MITOCHON...
YPL079W	CYTOPLASM
YPL081W	CYTOPLASM
YPL082C	NUCLEUS
YPL083C	CYTOPLASM
YPL084W	PUNCTATE...
YPL085W	PUNCTATE...
YPL086C	CYTOPLASM
YPL089C	CYTOPLASM
YPL090C	CYTOPLASM
YPL093W	NUCLEUS
YPL094C	ER
YPL097W	MITOCHON...
YPL104W	MITOCHON...
YPL106C	CYTOPLASM
YPL107W	MITOCHON...
YPL109C	MITOCHON...
YPL110C	CYTOPLASM
YPL111W	CYTOPLASM
YPL112C	PUNCTATE...
YPL115C	PUNCTATE...
YPL116W	CYTOPLASM
YPL117C	CYTOPLASM
YPL118W	MITOCHON...
YPL119C	CYTOPLASM
YPL120W	VACUOLAR...
YPL122C	NUCLEUS
YPL124W	SPINDLE ...
YPL125W	NUCLEUS
YPL126W	NUCLEUS
YPL127C	NUCLEUS
YPL128C	NUCLEUS
YPL131W	CYTOPLASM
YPL133C	NUCLEUS
YPL134C	MITOCHON...
YPL135W	MITOCHON...
YPL137C	CYTOPLASM
YPL138C	NUCLEUS
YPL139C	NUCLEOLUS
YPL140C	CYTOPLASM
YPL141C	CYTOPLASM
YPL144W	CYTOPLASM
YPL145C	CYTOPLASM
YPL146C	NUCLEUS
YPL150W	CYTOPLASM
YPL151C	NUCLEUS
YPL152W	CYTOPLASM
YPL153C	NUCLEUS
YPL155C	MICROTUBULE
YPL157W	NUCLEUOLUS
YPL158C	BUD NECK
YPL160W	CYTOPLASM
YPL161C	CYTOPLASM
YPL162C	VACUOLAR...
YPL163C	CYTOPLASM
YPL166W	PUNCTATE...
YPL168W	MITOCHON...
YPL169C	NUCLEAR ...
YPL170W	ER
YPL172C	MITOCHON...
YPL177C	CYTOPLASM
YPL178W	NUCLEUS
YPL179W	CYTOPLASM
YPL181W	NUCLEUS
YPL183C	CYTOPLASM
YPL183W_A	MITOCHON...
YPL184C	CITO FOCI
YPL188W	MITOCHON...
YPL190C	CYTOPLASM
YPL191C	CYTOPLASM
YPL192C	ER
YPL193W	NUCLEUS
YPL194W	NUCLEUS
YPL195W	PUNCTATE...
YPL198W	CYTOPLASM
YPL202C	CYTOPLASM
YPL203W	NUCLEUS
YPL204W	CYTOPLASM
YPL207W	ER
YPL208W	CYTOPLASM
YPL210C	CYTOPLASM
YPL211W	NUCLEOLUS
YPL212C	NUCLEUS
YPL214C	CYTOPLASM
YPL215W	MITOCHON...
YPL219W	CYTOPLASM
YPL220W	CYTOPLASM
YPL221W	BUD NECK
YPL222W	MITOCHON...
YPL223C	CYTOPLASM
YPL225W	CYTOPLASM
YPL227C	ER
YPL228W	NUCLEUS
YPL229W	CYTOPLASM
YPL231W	CYTOPLASM
YPL232W	LIPID PA...
YPL233W	SPINDLE ...
YPL234C	ER
YPL239W	CYTOPLASM
YPL240C	CYTOPLASM
YPL241C	CYTOPLASM
YPL243W	CYTOPLASM
YPL245W	CYTOPLASM
YPL246C	PUNCTATE...
YPL247C	CYTOPLASM
YPL249C	CYTOPLASM
YPL249C_A	CYTOPLASM
YPL250C	CYTOPLASM
YPL252C	MITOCHON...
YPL254W	NUCLEUS
YPL255W	SPINDLE ...
YPL256C	CYTOPLASM
YPL259C	PUNCTATE...
YPL260W	CYTOPLASM
YPL262W	MITOCHON...
YPL263C	CYTOPLASM
YPL265W	CELL PER...
YPL269W	SPINDLE ...
YPL270W	MITOCHON...
YPL271W	MITOCHON...
YPL273W	CYTOPLASM
YPL274W	ER
YPR001W	MITOCHON...
YPR002W	CYTOPLASM
YPR004C	MITOCHON...
YPR006C	MITOCHON...
YPR008W	CYTOPLASM
YPR010C	NUCLEOLUS
YPR011C	NOT VISU...
YPR013C	Not Visu...
YPR016C	NUCLEUS
YPR017C	CYTOPLASM
YPR019W	NUCLEUS
YPR020W	MITOCHON...
YPR022C	CYTOPLASM
YPR023C	NUCLEUS
YPR024W	MITOCHON...
YPR025C	NUCLEUS
YPR028W	ER
YPR029C	PUNCTATE...
YPR031W	NUCLEUS
YPR032W	CYTOPLASM
YPR033C	CYTOPLASM
YPR034W	NUCLEUS
YPR035W	CYTOPLASM
YPR036W	VACUOLAR...
YPR037C	CYTOPLASM
YPR041W	CYTOPLASM
YPR042C	CYTOPLASM
YPR045C	NUCLEUS
YPR046W	NUCLEUS
YPR047W	MITOCHON...
YPR049C	CYTOPLASM
YPR052C	NUCLEUS
YPR055W	PUNCTATE...
YPR056W	NUCLEUS
YPR057W	NUCLEUS
YPR060C	CYTOPLASM
YPR061C	MITOCHON...
YPR062W	CYTOPLASM
YPR065W	NUCLEUS
YPR066W	PUNCTATE...
YPR067W	MITOCHON...
YPR069C	CYTOPLASM
YPR070W	NUCLEUS
YPR072W	CYTOPLASM
YPR073C	CYTOPLASM
YPR074C	NUCLEOLUS
YPR075C	CYTOPLASM
YPR080W	CYTOPLASM
YPR081C	CYTOPLASM
YPR083W	CYTOPLASM
YPR086W	NUCLEUS
YPR090W	PUNCTATE...
YPR091C	ER
YPR097W	Not Visu...
YPR098C	MITOCHON...
YPR100W	MITOCHON...
YPR101W	NUCLEUS
YPR103W	CYTOPLASM
YPR104C	NUCLEUS
YPR105C	PUNCTATE...
YPR108W	NUCLEUS
YPR110C	NUCLEOLUS
YPR113W	ER
YPR114W	ER
YPR115W	CYTOPLASM
YPR116W	MITOCHON...
YPR119W	NUCLEUS
YPR122W	BUD NECK
YPR124W	CELL PER...
YPR125W	MITOCHON...
YPR127W	CYTOPLASM
YPR128C	PUNCTATE...
YPR129W	CYTOPLASM
YPR131C	CYTOPLASM
YPR132W	CYTOPLASM
YPR134W	MITOCHON...
YPR135W	NUCLEUS
YPR137W	NUCLEUS
YPR138C	CELL PER...
YPR140W	MITOCHON...
YPR141C	CYTOPLASM
YPR143W	NUCLEOLUS
YPR144C	NUCLEUS
YPR145W	CYTOPLASM
YPR147C	CYTOPLASM
YPR148C	PUNCTATE...
YPR149W	CELL PER...
YPR152C	NUCLEUS
YPR154W	CYTOPLASM
YPR155C	MITOCHON...
YPR156C	CELL PER...
YPR160W	CYTOPLASM
YPR161C	NUCLEUS
YPR163C	CYTOPLASM
YPR168W	NUCLEUS
YPR169W	NUCLEOLUS
YPR171W	PUNCTATE...
YPR172W	CYTOPLASM
YPR173C	PUNCTATE...
YPR174C	CELLULAR...
YPR175W	CYTOPLASM
YPR178W	CYTOPLASM
YPR179C	NUCLEUS
YPR180W	NUCLEUS
YPR182W	NUCLEUS
YPR183W	ER
YPR184W	CYTOPLASM
YPR185W	CYTOPLASM
YPR186C	NUCLEUS
YPR188C	BUD NECK
YPR189W	NUCLEOLUS
YPR190C	NUCLEUS
YPR191W	MITOCHON...