Key	Value
ID	OTHER
YAL001C	NUCLEUS
YAL005C	CYTOPLASM
YAL007C	OTHER
YAL008W	MITOCHONDRIA
YAL009W	NUCLEUS
YAL010C	MITOCHONDRIA
YAL011W	CYTOPLASM
YAL012W	CYTOPLASM
YAL014C	CYTOPLASM
YAL015C	NUCLEUS
YAL016W	CYTOPLASM
YAL017W	CYTOPLASM
YAL019W	NUCLEUS
YAL021C	CYTOPLASM
YAL023C	OTHER
YAL024C	CYTOPLASM
YAL026C	OTHER
YAL029C	OTHER
YAL031C	OTHER
YAL032C	NUCLEUS
YAL033W	NUCLEUS
YAL034W_A	OTHER
YAL035W	CYTOPLASM
YAL036C	CYTOPLASM
YAL038W	CYTOPLASM
YAL039C	MITOCHONDRIA
YAL041W	CYTOPLASM
YAL043C	NUCLEUS
YAL044C	MITOCHONDRIA
YAL047C	CYTOPLASM
YAL049C	CYTOPLASM
YAL053W	OTHER
YAL054C	CYTOPLASM
YAL055W	OTHER
YAL056W	CYTOPLASM
YAL058W	OTHER
YAL059W	NUCLEUS
YAL060W	CYTOPLASM
YAL061W	CYTOPLASM
YAR002C_A	OTHER
YAR002W	OTHER
YAR003W	NUCLEUS
YAR007C	CYTOPLASM
YAR009C	CYTOPLASM
YAR014C	CYTOPLASM
YAR015W	CYTOPLASM
YAR019C	CYTOPLASM
YAR044W	OTHER
YAR071W	CYTOPLASM
YBL001C	CYTOPLASM
YBL002W	NUCLEUS
YBL003C	NUCLEUS
YBL004W	NUCLEUS
YBL007C	OTHER
YBL008W	CYTOPLASM
YBL013W	MITOCHONDRIA
YBL014C	NUCLEUS
YBL015W	MITOCHONDRIA
YBL016W	CYTOPLASM
YBL017C	OTHER
YBL018C	NUCLEUS
YBL019W	CYTOPLASM
YBL021C	NUCLEUS
YBL022C	MITOCHONDRIA
YBL023C	NUCLEUS
YBL024W	NUCLEUS
YBL025W	NUCLEUS
YBL026W	CYTOPLASM
YBL027W	CYTOPLASM
YBL028C	NUCLEUS
YBL029W	CYTOPLASM
YBL031W	OTHER
YBL032W	CYTOPLASM
YBL033C	CYTOPLASM
YBL034C	CYTOPLASM
YBL035C	NUCLEUS
YBL036C	CYTOPLASM
YBL037W	OTHER
YBL039C	CYTOPLASM
YBL042C	OTHER
YBL045C	MITOCHONDRIA
YBL046W	NUCLEUS
YBL051C	CYTOPLASM
YBL052C	NUCLEUS
YBL054W	CYTOPLASM
YBL055C	CYTOPLASM
YBL056W	CYTOPLASM
YBL057C	MITOCHONDRIA
YBL058W	CYTOPLASM
YBL059C_A	CYTOPLASM
YBL059W	MITOCHONDRIA
YBL060W	OTHER
YBL061C	OTHER
YBL063W	OTHER
YBL064C	MITOCHONDRIA
YBL067C	OTHER
YBL068W	CYTOPLASM
YBL069W	CYTOPLASM
YBL071W_A	CYTOPLASM
YBL072C	CYTOPLASM
YBL074C	CYTOPLASM
YBL075C	CYTOPLASM
YBL076C	CYTOPLASM
YBL079W	OTHER
YBL080C	MITOCHONDRIA
YBL082C	NUCLEUS
YBL084C	CYTOPLASM
YBL086C	OTHER
YBL087C	NUCLEUS
YBL090W	MITOCHONDRIA
YBL091C	CYTOPLASM
YBL093C	NUCLEUS
YBL095W	MITOCHONDRIA
YBL097W	NUCLEUS
YBL098W	MITOCHONDRIA
YBL099W	MITOCHONDRIA
YBL102W	OTHER
YBL103C	CYTOPLASM
YBL104C	CYTOPLASM
YBL107C	CYTOPLASM
YBR001C	CYTOPLASM
YBR005W	OTHER
YBR006W	CYTOPLASM
YBR007C	CYTOPLASM
YBR009C	NUCLEUS
YBR010W	NUCLEUS
YBR011C	CYTOPLASM
YBR014C	CYTOPLASM
YBR015C	OTHER
YBR017C	NUCLEUS
YBR023C	OTHER
YBR025C	CYTOPLASM
YBR026C	MITOCHONDRIA
YBR028C	CYTOPLASM
YBR030W	NUCLEUS
YBR031W	CYTOPLASM
YBR034C	CYTOPLASM
YBR037C	MITOCHONDRIA
YBR039W	MITOCHONDRIA
YBR046C	CYTOPLASM
YBR047W	MITOCHONDRIA
YBR048W	CYTOPLASM
YBR049C	NUCLEUS
YBR052C	OTHER
YBR054W	OTHER
YBR055C	NUCLEUS
YBR056W	CYTOPLASM
YBR057C	CYTOPLASM
YBR058C	CYTOPLASM
YBR058C_A	OTHER
YBR059C	OTHER
YBR060C	CYTOPLASM
YBR061C	CYTOPLASM
YBR065C	NUCLEUS
YBR066C	CYTOPLASM
YBR067C	OTHER
YBR068C	OTHER
YBR069C	OTHER
YBR070C	OTHER
YBR071W	CYTOPLASM
YBR072W	CYTOPLASM
YBR073W	NUCLEUS
YBR079C	CYTOPLASM
YBR080C	OTHER
YBR081C	NUCLEUS
YBR082C	CYTOPLASM
YBR083W	NUCLEUS
YBR084C_A	CYTOPLASM
YBR084W	MITOCHONDRIA
YBR085C_A	CYTOPLASM
YBR085W	MITOCHONDRIA
YBR086C	OTHER
YBR087W	NUCLEUS
YBR088C	NUCLEUS
YBR089C_A	NUCLEUS
YBR092C	CYTOPLASM
YBR093C	CYTOPLASM
YBR094W	CYTOPLASM
YBR095C	NUCLEUS
YBR096W	CYTOPLASM
YBR097W	OTHER
YBR100W	CYTOPLASM
YBR101C	CYTOPLASM
YBR102C	OTHER
YBR103W	NUCLEUS
YBR104W	MITOCHONDRIA
YBR105C	NUCLEUS
YBR106W	OTHER
YBR107C	NUCLEUS
YBR110W	OTHER
YBR112C	NUCLEUS
YBR114W	CYTOPLASM
YBR115C	CYTOPLASM
YBR118W	CYTOPLASM
YBR119W	NUCLEUS
YBR120C	MITOCHONDRIA
YBR121C	CYTOPLASM
YBR122C	MITOCHONDRIA
YBR123C	CYTOPLASM
YBR125C	CYTOPLASM
YBR126C	CYTOPLASM
YBR127C	OTHER
YBR129C	CYTOPLASM
YBR130C	CYTOPLASM
YBR132C	OTHER
YBR133C	CYTOPLASM
YBR135W	CYTOPLASM
YBR137W	CYTOPLASM
YBR138C	CYTOPLASM
YBR139W	CYTOPLASM
YBR142W	NUCLEUS
YBR143C	CYTOPLASM
YBR145W	CYTOPLASM
YBR150C	CYTOPLASM
YBR151W	CYTOPLASM
YBR152W	NUCLEUS
YBR155W	CYTOPLASM
YBR156C	CYTOPLASM
YBR158W	CYTOPLASM
YBR159W	OTHER
YBR160W	NUCLEUS
YBR161W	CYTOPLASM
YBR162C	MITOCHONDRIA
YBR162W_A	OTHER
YBR163W	MITOCHONDRIA
YBR164C	OTHER
YBR166C	CYTOPLASM
YBR167C	NUCLEUS
YBR168W	OTHER
YBR170C	NUCLEUS
YBR171W	OTHER
YBR172C	CYTOPLASM
YBR173C	NUCLEUS
YBR175W	NUCLEUS
YBR176W	MITOCHONDRIA
YBR177C	OTHER
YBR179C	MITOCHONDRIA
YBR181C	CYTOPLASM
YBR185C	MITOCHONDRIA
YBR188C	NUCLEUS
YBR189W	CYTOPLASM
YBR191W	CYTOPLASM
YBR194W	OTHER
YBR195C	NUCLEUS
YBR197C	CYTOPLASM
YBR198C	CYTOPLASM
YBR200W	OTHER
YBR202W	NUCLEUS
YBR205W	OTHER
YBR207W	OTHER
YBR208C	CYTOPLASM
YBR211C	OTHER
YBR212W	CYTOPLASM
YBR214W	CYTOPLASM
YBR216C	CYTOPLASM
YBR218C	CYTOPLASM
YBR221C	MITOCHONDRIA
YBR222C	CYTOPLASM
YBR223C	CYTOPLASM
YBR225W	CYTOPLASM
YBR227C	MITOCHONDRIA
YBR230C	MITOCHONDRIA
YBR231C	NUCLEUS
YBR233W	CYTOPLASM
YBR233W_A	OTHER
YBR234C	OTHER
YBR236C	NUCLEUS
YBR237W	NUCLEUS
YBR238C	MITOCHONDRIA
YBR239C	CYTOPLASM
YBR241C	OTHER
YBR244W	CYTOPLASM
YBR245C	NUCLEUS
YBR247C	NUCLEUS
YBR248C	CYTOPLASM
YBR249C	NUCLEUS
YBR251W	MITOCHONDRIA
YBR252W	CYTOPLASM
YBR253W	NUCLEUS
YBR254C	OTHER
YBR255W	CYTOPLASM
YBR258C	NUCLEUS
YBR259W	CYTOPLASM
YBR260C	OTHER
YBR262C	MITOCHONDRIA
YBR263W	NUCLEUS
YBR264C	CYTOPLASM
YBR265W	OTHER
YBR267W	CYTOPLASM
YBR268W	MITOCHONDRIA
YBR269C	MITOCHONDRIA
YBR271W	CYTOPLASM
YBR272C	CYTOPLASM
YBR273C	OTHER
YBR274W	CYTOPLASM
YBR275C	CYTOPLASM
YBR278W	NUCLEUS
YBR279W	NUCLEUS
YBR281C	CYTOPLASM
YBR282W	MITOCHONDRIA
YBR283C	OTHER
YBR286W	CYTOPLASM
YBR287W	OTHER
YBR288C	OTHER
YBR289W	NUCLEUS
YBR290W	OTHER
YBR291C	MITOCHONDRIA
YBR296C	OTHER
YCL001W	OTHER
YCL005W	OTHER
YCL009C	MITOCHONDRIA
YCL010C	NUCLEUS
YCL011C	NUCLEUS
YCL014W	OTHER
YCL016C	NUCLEUS
YCL017C	MITOCHONDRIA
YCL024W	OTHER
YCL025C	OTHER
YCL027W	OTHER
YCL028W	CYTOPLASM
YCL029C	OTHER
YCL030C	CYTOPLASM
YCL031C	NUCLEUS
YCL032W	CYTOPLASM
YCL034W	CYTOPLASM
YCL035C	CYTOPLASM
YCL037C	CYTOPLASM
YCL039W	CYTOPLASM
YCL043C	CYTOPLASM
YCL044C	MITOCHONDRIA
YCL050C	NUCLEUS
YCL052C	OTHER
YCL055W	CYTOPLASM
YCL056C	OTHER
YCL057W	CYTOPLASM
YCL061C	NUCLEUS
YCL064C	MITOCHONDRIA
YCR002C	OTHER
YCR003W	MITOCHONDRIA
YCR004C	OTHER
YCR005C	CYTOPLASM
YCR009C	OTHER
YCR011C	OTHER
YCR016W	NUCLEUS
YCR017C	OTHER
YCR018C	CYTOPLASM
YCR020C	CYTOPLASM
YCR020W_B	NUCLEUS
YCR023C	OTHER
YCR024C	MITOCHONDRIA
YCR024C_A	OTHER
YCR027C	CYTOPLASM
YCR028C	OTHER
YCR028C_A	MITOCHONDRIA
YCR030C	OTHER
YCR033W	NUCLEUS
YCR034W	OTHER
YCR035C	NUCLEUS
YCR036W	CYTOPLASM
YCR038C	OTHER
YCR042C	NUCLEUS
YCR043C	OTHER
YCR044C	OTHER
YCR046C	MITOCHONDRIA
YCR047C	CYTOPLASM
YCR053W	CYTOPLASM
YCR054C	CYTOPLASM
YCR059C	CYTOPLASM
YCR060W	NUCLEUS
YCR061W	OTHER
YCR063W	NUCLEUS
YCR065W	OTHER
YCR067C	OTHER
YCR071C	MITOCHONDRIA
YCR073W_A	CYTOPLASM
YCR077C	CYTOPLASM
YCR079W	MITOCHONDRIA
YCR081W	OTHER
YCR082W	NUCLEUS
YCR083W	MITOCHONDRIA
YCR084C	NUCLEUS
YCR086W	NUCLEUS
YCR087C_A	NUCLEUS
YCR088W	OTHER
YCR092C	NUCLEUS
YCR093W	CYTOPLASM
YCR094W	OTHER
YCR095C	CYTOPLASM
YDL001W	CYTOPLASM
YDL002C	NUCLEUS
YDL003W	NUCLEUS
YDL005C	NUCLEUS
YDL008W	OTHER
YDL012C	OTHER
YDL015C	OTHER
YDL017W	CYTOPLASM
YDL018C	OTHER
YDL019C	OTHER
YDL020C	CYTOPLASM
YDL021W	NUCLEUS
YDL022W	OTHER
YDL027C	MITOCHONDRIA
YDL028C	NUCLEUS
YDL029W	CYTOPLASM
YDL030W	NUCLEUS
YDL033C	OTHER
YDL036C	CYTOPLASM
YDL040C	CYTOPLASM
YDL042C	OTHER
YDL043C	NUCLEUS
YDL044C	MITOCHONDRIA
YDL045C	CYTOPLASM
YDL045W_A	MITOCHONDRIA
YDL046W	OTHER
YDL048C	CYTOPLASM
YDL051W	NUCLEUS
YDL052C	OTHER
YDL053C	CYTOPLASM
YDL054C	OTHER
YDL055C	CYTOPLASM
YDL058W	OTHER
YDL060W	CYTOPLASM
YDL061C	CYTOPLASM
YDL063C	NUCLEUS
YDL064W	CYTOPLASM
YDL065C	CYTOPLASM
YDL066W	MITOCHONDRIA
YDL067C	MITOCHONDRIA
YDL070W	NUCLEUS
YDL072C	OTHER
YDL074C	NUCLEUS
YDL076C	NUCLEUS
YDL077C	OTHER
YDL078C	CYTOPLASM
YDL080C	CYTOPLASM
YDL081C	CYTOPLASM
YDL082W	CYTOPLASM
YDL083C	CYTOPLASM
YDL085C_A	NUCLEUS
YDL087C	NUCLEUS
YDL088C	OTHER
YDL089W	OTHER
YDL090C	CYTOPLASM
YDL091C	OTHER
YDL092W	NUCLEUS
YDL095W	OTHER
YDL097C	NUCLEUS
YDL098C	NUCLEUS
YDL099W	OTHER
YDL100C	CYTOPLASM
YDL101C	NUCLEUS
YDL102W	OTHER
YDL103C	CYTOPLASM
YDL104C	MITOCHONDRIA
YDL105W	NUCLEUS
YDL106C	CYTOPLASM
YDL107W	MITOCHONDRIA
YDL108W	NUCLEUS
YDL111C	NUCLEUS
YDL112W	CYTOPLASM
YDL115C	CYTOPLASM
YDL116W	OTHER
YDL117W	CYTOPLASM
YDL119C	MITOCHONDRIA
YDL120W	MITOCHONDRIA
YDL122W	CYTOPLASM
YDL123W	OTHER
YDL124W	NUCLEUS
YDL125C	CYTOPLASM
YDL126C	CYTOPLASM
YDL128W	OTHER
YDL129W	CYTOPLASM
YDL130W	CYTOPLASM
YDL130W_A	MITOCHONDRIA
YDL132W	CYTOPLASM
YDL133C_A	CYTOPLASM
YDL134C	CYTOPLASM
YDL135C	CYTOPLASM
YDL136W	CYTOPLASM
YDL137W	OTHER
YDL139C	CYTOPLASM
YDL140C	NUCLEUS
YDL141W	CYTOPLASM
YDL142C	MITOCHONDRIA
YDL144C	CYTOPLASM
YDL146W	CYTOPLASM
YDL147W	NUCLEUS
YDL150W	NUCLEUS
YDL152W	NUCLEUS
YDL155W	CYTOPLASM
YDL159W	CYTOPLASM
YDL160C	CYTOPLASM
YDL161W	OTHER
YDL164C	MITOCHONDRIA
YDL165W	CYTOPLASM
YDL166C	NUCLEUS
YDL167C	CYTOPLASM
YDL168W	CYTOPLASM
YDL170W	NUCLEUS
YDL171C	CYTOPLASM
YDL173W	OTHER
YDL174C	MITOCHONDRIA
YDL175C	NUCLEUS
YDL178W	MITOCHONDRIA
YDL181W	MITOCHONDRIA
YDL184C	CYTOPLASM
YDL188C	CYTOPLASM
YDL189W	CYTOPLASM
YDL191W	CYTOPLASM
YDL192W	OTHER
YDL195W	OTHER
YDL197C	NUCLEUS
YDL201W	NUCLEUS
YDL202W	MITOCHONDRIA
YDL203C	CYTOPLASM
YDL204W	OTHER
YDL205C	CYTOPLASM
YDL207W	OTHER
YDL208W	NUCLEUS
YDL209C	NUCLEUS
YDL211C	CYTOPLASM
YDL212W	OTHER
YDL216C	CYTOPLASM
YDL219W	CYTOPLASM
YDL220C	CYTOPLASM
YDL222C	OTHER
YDL223C	CYTOPLASM
YDL224C	CYTOPLASM
YDL225W	OTHER
YDL226C	CYTOPLASM
YDL227C	NUCLEUS
YDL229W	CYTOPLASM
YDL230W	CYTOPLASM
YDL232W	OTHER
YDL234C	CYTOPLASM
YDL235C	CYTOPLASM
YDL236W	CYTOPLASM
YDL238C	CYTOPLASM
YDL240W	CYTOPLASM
YDR001C	CYTOPLASM
YDR004W	CYTOPLASM
YDR005C	OTHER
YDR009W	CYTOPLASM
YDR011W	OTHER
YDR012W	CYTOPLASM
YDR014W	NUCLEUS
YDR016C	OTHER
YDR017C	CYTOPLASM
YDR019C	MITOCHONDRIA
YDR021W	NUCLEUS
YDR023W	NUCLEUS
YDR024W	CYTOPLASM
YDR025W	CYTOPLASM
YDR026C	NUCLEUS
YDR027C	OTHER
YDR028C	CYTOPLASM
YDR032C	OTHER
YDR033W	OTHER
YDR034C	NUCLEUS
YDR034W_B	OTHER
YDR035W	CYTOPLASM
YDR036C	MITOCHONDRIA
YDR038C	OTHER
YDR039C	OTHER
YDR040C	OTHER
YDR041W	MITOCHONDRIA
YDR043C	NUCLEUS
YDR044W	CYTOPLASM
YDR046C	OTHER
YDR047W	CYTOPLASM
YDR049W	CYTOPLASM
YDR050C	CYTOPLASM
YDR052C	CYTOPLASM
YDR054C	NUCLEUS
YDR055W	OTHER
YDR056C	OTHER
YDR060W	NUCLEUS
YDR061W	MITOCHONDRIA
YDR062W	OTHER
YDR063W	CYTOPLASM
YDR065W	MITOCHONDRIA
YDR066C	CYTOPLASM
YDR068W	CYTOPLASM
YDR069C	OTHER
YDR070C	MITOCHONDRIA
YDR071C	CYTOPLASM
YDR074W	CYTOPLASM
YDR075W	CYTOPLASM
YDR076W	OTHER
YDR077W	OTHER
YDR079C_A	NUCLEUS
YDR079W	MITOCHONDRIA
YDR080W	OTHER
YDR081C	NUCLEUS
YDR083W	NUCLEUS
YDR084C	OTHER
YDR086C	OTHER
YDR088C	NUCLEUS
YDR089W	OTHER
YDR091C	CYTOPLASM
YDR092W	CYTOPLASM
YDR093W	OTHER
YDR096W	NUCLEUS
YDR097C	OTHER
YDR098C	CYTOPLASM
YDR099W	CYTOPLASM
YDR100W	OTHER
YDR101C	NUCLEUS
YDR103W	CYTOPLASM
YDR108W	CYTOPLASM
YDR111C	CYTOPLASM
YDR115W	MITOCHONDRIA
YDR116C	MITOCHONDRIA
YDR118W	CYTOPLASM
YDR119W	NUCLEUS
YDR120C	NUCLEUS
YDR121W	CYTOPLASM
YDR122W	OTHER
YDR123C	NUCLEUS
YDR125C	MITOCHONDRIA
YDR127W	CYTOPLASM
YDR129C	OTHER
YDR130C	NUCLEUS
YDR132C	CYTOPLASM
YDR135C	OTHER
YDR137W	OTHER
YDR138W	CYTOPLASM
YDR140W	CYTOPLASM
YDR141C	OTHER
YDR144C	OTHER
YDR145W	NUCLEUS
YDR146C	CYTOPLASM
YDR147W	CYTOPLASM
YDR148C	MITOCHONDRIA
YDR150W	OTHER
YDR152W	CYTOPLASM
YDR153C	OTHER
YDR155C	CYTOPLASM
YDR156W	NUCLEUS
YDR158W	CYTOPLASM
YDR159W	OTHER
YDR161W	NUCLEUS
YDR164C	OTHER
YDR166C	OTHER
YDR167W	NUCLEUS
YDR168W	CYTOPLASM
YDR169C	CYTOPLASM
YDR170C	OTHER
YDR170W_A	OTHER
YDR171W	CYTOPLASM
YDR172W	CYTOPLASM
YDR173C	CYTOPLASM
YDR174W	NUCLEUS
YDR175C	MITOCHONDRIA
YDR176W	NUCLEUS
YDR177W	CYTOPLASM
YDR179C	CYTOPLASM
YDR180W	NUCLEUS
YDR182W	CYTOPLASM
YDR184C	CYTOPLASM
YDR186C	CYTOPLASM
YDR189W	OTHER
YDR190C	NUCLEUS
YDR191W	NUCLEUS
YDR194C	MITOCHONDRIA
YDR195W	NUCLEUS
YDR196C	OTHER
YDR197W	MITOCHONDRIA
YDR200C	CYTOPLASM
YDR201W	OTHER
YDR202C	OTHER
YDR205W	OTHER
YDR207C	CYTOPLASM
YDR208W	CYTOPLASM
YDR210W	OTHER
YDR211W	CYTOPLASM
YDR213W	CYTOPLASM
YDR216W	CYTOPLASM
YDR217C	CYTOPLASM
YDR219C	MITOCHONDRIA
YDR221W	OTHER
YDR224C	NUCLEUS
YDR226W	CYTOPLASM
YDR227W	OTHER
YDR228C	CYTOPLASM
YDR231C	MITOCHONDRIA
YDR232W	MITOCHONDRIA
YDR233C	OTHER
YDR234W	MITOCHONDRIA
YDR235W	NUCLEUS
YDR236C	CYTOPLASM
YDR238C	OTHER
YDR239C	CYTOPLASM
YDR243C	NUCLEUS
YDR244W	OTHER
YDR245W	OTHER
YDR246W	OTHER
YDR247W	NUCLEUS
YDR248C	CYTOPLASM
YDR250C	CYTOPLASM
YDR251W	CYTOPLASM
YDR252W	CYTOPLASM
YDR254W	OTHER
YDR257C	NUCLEUS
YDR258C	NUCLEUS
YDR262W	CYTOPLASM
YDR264C	OTHER
YDR265W	OTHER
YDR266C	CYTOPLASM
YDR267C	CYTOPLASM
YDR268W	MITOCHONDRIA
YDR270W	OTHER
YDR272W	CYTOPLASM
YDR279W	NUCLEUS
YDR280W	NUCLEUS
YDR284C	OTHER
YDR288W	CYTOPLASM
YDR291W	NUCLEUS
YDR293C	CYTOPLASM
YDR294C	OTHER
YDR295C	CYTOPLASM
YDR297W	OTHER
YDR298C	MITOCHONDRIA
YDR299W	NUCLEUS
YDR300C	CYTOPLASM
YDR302W	OTHER
YDR303C	NUCLEUS
YDR307W	CYTOPLASM
YDR308C	NUCLEUS
YDR309C	CYTOPLASM
YDR310C	NUCLEUS
YDR311W	NUCLEUS
YDR312W	OTHER
YDR313C	OTHER
YDR314C	NUCLEUS
YDR316W	MITOCHONDRIA
YDR318W	NUCLEUS
YDR320C	CYTOPLASM
YDR320C_A	OTHER
YDR322C_A	MITOCHONDRIA
YDR322W	MITOCHONDRIA
YDR323C	OTHER
YDR324C	NUCLEUS
YDR325W	NUCLEUS
YDR326C	NUCLEUS
YDR328C	CYTOPLASM
YDR329C	OTHER
YDR330W	NUCLEUS
YDR331W	OTHER
YDR332W	MITOCHONDRIA
YDR333C	CYTOPLASM
YDR334W	NUCLEUS
YDR335W	NUCLEUS
YDR337W	MITOCHONDRIA
YDR338C	OTHER
YDR343C	OTHER
YDR344C	OTHER
YDR345C	OTHER
YDR346C	CYTOPLASM
YDR348C	OTHER
YDR349C	OTHER
YDR352W	OTHER
YDR353W	NUCLEUS
YDR354W	CYTOPLASM
YDR356W	OTHER
YDR357C	OTHER
YDR358W	CYTOPLASM
YDR361C	NUCLEUS
YDR362C	NUCLEUS
YDR363W	NUCLEUS
YDR363W_A	NUCLEUS
YDR364C	NUCLEUS
YDR365C	CYTOPLASM
YDR368W	NUCLEUS
YDR369C	CYTOPLASM
YDR370C	CYTOPLASM
YDR372C	CYTOPLASM
YDR375C	MITOCHONDRIA
YDR376W	MITOCHONDRIA
YDR377W	MITOCHONDRIA
YDR379C_A	MITOCHONDRIA
YDR379W	CYTOPLASM
YDR380W	CYTOPLASM
YDR381W	NUCLEUS
YDR382W	CYTOPLASM
YDR385W	CYTOPLASM
YDR388W	OTHER
YDR389W	CYTOPLASM
YDR390C	NUCLEUS
YDR392W	NUCLEUS
YDR394W	MITOCHONDRIA
YDR395W	CYTOPLASM
YDR397C	NUCLEUS
YDR398W	NUCLEUS
YDR399W	CYTOPLASM
YDR400W	CYTOPLASM
YDR404C	NUCLEUS
YDR405W	MITOCHONDRIA
YDR407C	OTHER
YDR408C	CYTOPLASM
YDR409W	NUCLEUS
YDR410C	OTHER
YDR416W	NUCLEUS
YDR419W	CYTOPLASM
YDR421W	CYTOPLASM
YDR422C	CYTOPLASM
YDR423C	CYTOPLASM
YDR424C	OTHER
YDR425W	CYTOPLASM
YDR427W	CYTOPLASM
YDR430C	MITOCHONDRIA
YDR434W	OTHER
YDR436W	CYTOPLASM
YDR437W	OTHER
YDR440W	NUCLEUS
YDR441C	CYTOPLASM
YDR443C	OTHER
YDR444W	CYTOPLASM
YDR448W	NUCLEUS
YDR449C	NUCLEUS
YDR450W	CYTOPLASM
YDR451C	NUCLEUS
YDR452W	CYTOPLASM
YDR453C	CYTOPLASM
YDR454C	CYTOPLASM
YDR456W	OTHER
YDR457W	NUCLEUS
YDR458C	OTHER
YDR460W	NUCLEUS
YDR461W	CYTOPLASM
YDR462W	MITOCHONDRIA
YDR464W	NUCLEUS
YDR469W	NUCLEUS
YDR471W	CYTOPLASM
YDR472W	OTHER
YDR474C	MITOCHONDRIA
YDR477W	CYTOPLASM
YDR478W	NUCLEUS
YDR479C	OTHER
YDR482C	NUCLEUS
YDR483W	OTHER
YDR485C	NUCLEUS
YDR487C	CYTOPLASM
YDR492W	OTHER
YDR493W	MITOCHONDRIA
YDR495C	OTHER
YDR496C	NUCLEUS
YDR497C	OTHER
YDR498C	OTHER
YDR499W	CYTOPLASM
YDR500C	CYTOPLASM
YDR502C	NUCLEUS
YDR507C	OTHER
YDR508C	OTHER
YDR510W	CYTOPLASM
YDR511W	MITOCHONDRIA
YDR513W	NUCLEUS
YDR514C	MITOCHONDRIA
YDR515W	CYTOPLASM
YDR516C	CYTOPLASM
YDR517W	OTHER
YDR519W	OTHER
YDR520C	NUCLEUS
YDR523C	CYTOPLASM
YDR524C	CYTOPLASM
YDR527W	CYTOPLASM
YDR528W	CYTOPLASM
YDR529C	MITOCHONDRIA
YDR530C	CYTOPLASM
YDR531W	CYTOPLASM
YDR532C	OTHER
YDR538W	MITOCHONDRIA
YDR539W	CYTOPLASM
YDR540C	CYTOPLASM
YEL001C	OTHER
YEL003W	CYTOPLASM
YEL006W	MITOCHONDRIA
YEL007W	NUCLEUS
YEL008W	CYTOPLASM
YEL009C	CYTOPLASM
YEL011W	CYTOPLASM
YEL012W	CYTOPLASM
YEL013W	OTHER
YEL014C	CYTOPLASM
YEL015W	OTHER
YEL017C_A	OTHER
YEL017W	OTHER
YEL018W	NUCLEUS
YEL019C	NUCLEUS
YEL020C	CYTOPLASM
YEL022W	OTHER
YEL024W	MITOCHONDRIA
YEL027W	OTHER
YEL029C	CYTOPLASM
YEL031W	OTHER
YEL036C	OTHER
YEL039C	CYTOPLASM
YEL040W	OTHER
YEL042W	OTHER
YEL043W	OTHER
YEL044W	NUCLEUS
YEL046C	CYTOPLASM
YEL047C	CYTOPLASM
YEL048C	OTHER
YEL050C	NUCLEUS
YEL052W	MITOCHONDRIA
YEL053C	CYTOPLASM
YEL054C	CYTOPLASM
YEL055C	NUCLEUS
YEL058W	CYTOPLASM
YEL059C_A	OTHER
YEL060C	CYTOPLASM
YEL061C	CYTOPLASM
YEL062W	CYTOPLASM
YEL066W	CYTOPLASM
YEL071W	CYTOPLASM
YER001W	OTHER
YER003C	NUCLEUS
YER005W	OTHER
YER006W	NUCLEUS
YER007C_A	CYTOPLASM
YER008C	OTHER
YER011W	OTHER
YER013W	NUCLEUS
YER016W	OTHER
YER017C	MITOCHONDRIA
YER018C	OTHER
YER019C_A	OTHER
YER020W	OTHER
YER021W	NUCLEUS
YER022W	NUCLEUS
YER023W	CYTOPLASM
YER024W	CYTOPLASM
YER025W	CYTOPLASM
YER027C	CYTOPLASM
YER029C	NUCLEUS
YER030W	NUCLEUS
YER031C	CYTOPLASM
YER032W	CYTOPLASM
YER033C	CYTOPLASM
YER034W	CYTOPLASM
YER035W	NUCLEUS
YER037W	CYTOPLASM
YER038C	CYTOPLASM
YER040W	CYTOPLASM
YER042W	CYTOPLASM
YER043C	CYTOPLASM
YER044C	OTHER
YER047C	CYTOPLASM
YER048W_A	MITOCHONDRIA
YER049W	NUCLEUS
YER052C	CYTOPLASM
YER053C	MITOCHONDRIA
YER053C_A	OTHER
YER054C	CYTOPLASM
YER056C	OTHER
YER056C_A	CYTOPLASM
YER059W	CYTOPLASM
YER061C	MITOCHONDRIA
YER062C	CYTOPLASM
YER063W	NUCLEUS
YER067W	CYTOPLASM
YER068W	CYTOPLASM
YER069W	MITOCHONDRIA
YER070W	OTHER
YER071C	OTHER
YER072W	OTHER
YER073W	MITOCHONDRIA
YER074W	CYTOPLASM
YER075C	CYTOPLASM
YER077C	MITOCHONDRIA
YER078C	MITOCHONDRIA
YER079W	CYTOPLASM
YER081W	CYTOPLASM
YER086W	MITOCHONDRIA
YER088C	NUCLEUS
YER090W	CYTOPLASM
YER091C	CYTOPLASM
YER092W	NUCLEUS
YER095W	CYTOPLASM
YER098W	CYTOPLASM
YER099C	CYTOPLASM
YER100W	OTHER
YER101C	CYTOPLASM
YER102W	CYTOPLASM
YER103W	CYTOPLASM
YER104W	CYTOPLASM
YER105C	OTHER
YER107C	OTHER
YER110C	CYTOPLASM
YER111C	NUCLEUS
YER112W	CYTOPLASM
YER113C	OTHER
YER114C	OTHER
YER116C	NUCLEUS
YER118C	OTHER
YER120W	OTHER
YER122C	MITOCHONDRIA
YER123W	OTHER
YER124C	OTHER
YER128W	CYTOPLASM
YER129W	CYTOPLASM
YER131W	CYTOPLASM
YER132C	CYTOPLASM
YER133W	CYTOPLASM
YER134C	CYTOPLASM
YER136W	CYTOPLASM
YER139C	CYTOPLASM
YER141W	MITOCHONDRIA
YER142C	CYTOPLASM
YER143W	CYTOPLASM
YER147C	NUCLEUS
YER149C	OTHER
YER151C	CYTOPLASM
YER152C	CYTOPLASM
YER153C	MITOCHONDRIA
YER154W	MITOCHONDRIA
YER155C	CYTOPLASM
YER156C	NUCLEUS
YER157W	OTHER
YER159C	NUCLEUS
YER161C	NUCLEUS
YER162C	CYTOPLASM
YER164W	NUCLEUS
YER165W	CYTOPLASM
YER166W	OTHER
YER168C	CYTOPLASM
YER169W	NUCLEUS
YER170W	MITOCHONDRIA
YER171W	NUCLEUS
YER172C	NUCLEUS
YER173W	NUCLEUS
YER174C	CYTOPLASM
YER175C	CYTOPLASM
YER176W	CYTOPLASM
YER177W	CYTOPLASM
YER178W	MITOCHONDRIA
YER182W	MITOCHONDRIA
YER183C	CYTOPLASM
YFL001W	NUCLEUS
YFL002C	NUCLEUS
YFL004W	OTHER
YFL006W	CYTOPLASM
YFL008W	CYTOPLASM
YFL010C	CYTOPLASM
YFL013C	CYTOPLASM
YFL014W	CYTOPLASM
YFL016C	MITOCHONDRIA
YFL017C	CYTOPLASM
YFL017W_A	NUCLEUS
YFL018C	MITOCHONDRIA
YFL021W	MITOCHONDRIA
YFL023W	CYTOPLASM
YFL024C	NUCLEUS
YFL025C	OTHER
YFL026W	OTHER
YFL027C	MITOCHONDRIA
YFL031W	CYTOPLASM
YFL034C_B	OTHER
YFL034W	OTHER
YFL036W	CYTOPLASM
YFL041W	OTHER
YFL044C	NUCLEUS
YFL045C	CYTOPLASM
YFL046W	MITOCHONDRIA
YFL047W	OTHER
YFL048C	OTHER
YFL049W	MITOCHONDRIA
YFR001W	NUCLEUS
YFR002W	OTHER
YFR004W	NUCLEUS
YFR005C	OTHER
YFR006W	CYTOPLASM
YFR009W	CYTOPLASM
YFR010W	NUCLEUS
YFR013W	NUCLEUS
YFR014C	CYTOPLASM
YFR015C	OTHER
YFR016C	CYTOPLASM
YFR017C	CYTOPLASM
YFR019W	CYTOPLASM
YFR024C	OTHER
YFR024C_A	OTHER
YFR025C	CYTOPLASM
YFR027W	CYTOPLASM
YFR030W	CYTOPLASM
YFR031C	NUCLEUS
YFR031C_A	CYTOPLASM
YFR032C_A	CYTOPLASM
YFR033C	CYTOPLASM
YFR034C	CYTOPLASM
YFR036W	NUCLEUS
YFR037C	NUCLEUS
YFR039C	CYTOPLASM
YFR040W	CYTOPLASM
YFR041C	OTHER
YFR044C	MITOCHONDRIA
YFR047C	CYTOPLASM
YFR048W	CYTOPLASM
YFR049W	MITOCHONDRIA
YFR050C	NUCLEUS
YFR051C	OTHER
YFR052W	NUCLEUS
YFR053C	CYTOPLASM
YGL001C	OTHER
YGL005C	OTHER
YGL006W	OTHER
YGL008C	OTHER
YGL009C	CYTOPLASM
YGL010W	OTHER
YGL011C	CYTOPLASM
YGL012W	OTHER
YGL013C	NUCLEUS
YGL014W	CYTOPLASM
YGL016W	OTHER
YGL017W	CYTOPLASM
YGL018C	MITOCHONDRIA
YGL019W	NUCLEUS
YGL020C	OTHER
YGL022W	OTHER
YGL025C	NUCLEUS
YGL026C	CYTOPLASM
YGL028C	CYTOPLASM
YGL029W	NUCLEUS
YGL031C	CYTOPLASM
YGL035C	NUCLEUS
YGL037C	CYTOPLASM
YGL038C	OTHER
YGL039W	CYTOPLASM
YGL040C	CYTOPLASM
YGL043W	NUCLEUS
YGL046W	CYTOPLASM
YGL047W	OTHER
YGL048C	NUCLEUS
YGL049C	CYTOPLASM
YGL054C	OTHER
YGL055W	OTHER
YGL056C	CYTOPLASM
YGL058W	NUCLEUS
YGL059W	CYTOPLASM
YGL060W	CYTOPLASM
YGL061C	OTHER
YGL062W	CYTOPLASM
YGL064C	MITOCHONDRIA
YGL065C	OTHER
YGL066W	NUCLEUS
YGL067W	CYTOPLASM
YGL068W	MITOCHONDRIA
YGL070C	NUCLEUS
YGL071W	NUCLEUS
YGL073W	NUCLEUS
YGL075C	OTHER
YGL077C	OTHER
YGL078C	NUCLEUS
YGL079W	OTHER
YGL080W	MITOCHONDRIA
YGL082W	CYTOPLASM
YGL083W	OTHER
YGL084C	OTHER
YGL085W	MITOCHONDRIA
YGL086W	OTHER
YGL087C	CYTOPLASM
YGL090W	CYTOPLASM
YGL091C	CYTOPLASM
YGL092W	OTHER
YGL093W	OTHER
YGL094C	CYTOPLASM
YGL095C	OTHER
YGL097W	NUCLEUS
YGL098W	OTHER
YGL099W	CYTOPLASM
YGL101W	CYTOPLASM
YGL105W	CYTOPLASM
YGL107C	MITOCHONDRIA
YGL108C	OTHER
YGL110C	CYTOPLASM
YGL111W	NUCLEUS
YGL112C	NUCLEUS
YGL113W	NUCLEUS
YGL115W	CYTOPLASM
YGL119W	MITOCHONDRIA
YGL120C	CYTOPLASM
YGL122C	NUCLEUS
YGL124C	OTHER
YGL125W	CYTOPLASM
YGL127C	NUCLEUS
YGL128C	CYTOPLASM
YGL129C	MITOCHONDRIA
YGL130W	NUCLEUS
YGL131C	OTHER
YGL135W	CYTOPLASM
YGL137W	OTHER
YGL139W	OTHER
YGL143C	MITOCHONDRIA
YGL145W	OTHER
YGL148W	CYTOPLASM
YGL150C	CYTOPLASM
YGL151W	NUCLEUS
YGL153W	OTHER
YGL155W	CYTOPLASM
YGL156W	OTHER
YGL157W	CYTOPLASM
YGL161C	OTHER
YGL162W	NUCLEUS
YGL163C	OTHER
YGL164C	CYTOPLASM
YGL167C	OTHER
YGL169W	CYTOPLASM
YGL172W	OTHER
YGL173C	CYTOPLASM
YGL174W	NUCLEUS
YGL175C	CYTOPLASM
YGL180W	CYTOPLASM
YGL181W	OTHER
YGL184C	CYTOPLASM
YGL185C	CYTOPLASM
YGL187C	MITOCHONDRIA
YGL189C	CYTOPLASM
YGL190C	CYTOPLASM
YGL194C	NUCLEUS
YGL195W	CYTOPLASM
YGL197W	CYTOPLASM
YGL201C	NUCLEUS
YGL202W	CYTOPLASM
YGL203C	OTHER
YGL207W	NUCLEUS
YGL209W	NUCLEUS
YGL210W	CYTOPLASM
YGL211W	MITOCHONDRIA
YGL212W	OTHER
YGL213C	CYTOPLASM
YGL216W	CYTOPLASM
YGL219C	OTHER
YGL220W	CYTOPLASM
YGL221C	MITOCHONDRIA
YGL222C	CYTOPLASM
YGL225W	OTHER
YGL226C_A	OTHER
YGL226W	MITOCHONDRIA
YGL227W	CYTOPLASM
YGL229C	CYTOPLASM
YGL231C	OTHER
YGL232W	NUCLEUS
YGL234W	CYTOPLASM
YGL237C	NUCLEUS
YGL238W	NUCLEUS
YGL240W	CYTOPLASM
YGL241W	CYTOPLASM
YGL244W	NUCLEUS
YGL245W	CYTOPLASM
YGL246C	NUCLEUS
YGL247W	OTHER
YGL249W	CYTOPLASM
YGL250W	CYTOPLASM
YGL252C	CYTOPLASM
YGL253W	CYTOPLASM
YGL255W	OTHER
YGL256W	MITOCHONDRIA
YGR001C	CYTOPLASM
YGR002C	NUCLEUS
YGR003W	CYTOPLASM
YGR004W	CYTOPLASM
YGR007W	CYTOPLASM
YGR008C	CYTOPLASM
YGR012W	MITOCHONDRIA
YGR013W	NUCLEUS
YGR015C	MITOCHONDRIA
YGR017W	NUCLEUS
YGR019W	CYTOPLASM
YGR020C	OTHER
YGR021W	MITOCHONDRIA
YGR026W	OTHER
YGR028W	MITOCHONDRIA
YGR030C	NUCLEUS
YGR031W	MITOCHONDRIA
YGR034W	CYTOPLASM
YGR037C	CYTOPLASM
YGR038W	OTHER
YGR041W	OTHER
YGR042W	CYTOPLASM
YGR043C	NUCLEUS
YGR044C	CYTOPLASM
YGR046W	MITOCHONDRIA
YGR047C	NUCLEUS
YGR048W	NUCLEUS
YGR049W	MITOCHONDRIA
YGR052W	CYTOPLASM
YGR055W	OTHER
YGR058W	NUCLEUS
YGR060W	OTHER
YGR061C	CYTOPLASM
YGR062C	MITOCHONDRIA
YGR063C	NUCLEUS
YGR065C	OTHER
YGR068C	CYTOPLASM
YGR071C	NUCLEUS
YGR072W	CYTOPLASM
YGR075C	NUCLEUS
YGR076C	MITOCHONDRIA
YGR078C	CYTOPLASM
YGR080W	OTHER
YGR081C	NUCLEUS
YGR082W	MITOCHONDRIA
YGR083C	CYTOPLASM
YGR084C	MITOCHONDRIA
YGR085C	CYTOPLASM
YGR086C	OTHER
YGR088W	CYTOPLASM
YGR089W	CYTOPLASM
YGR090W	NUCLEUS
YGR092W	OTHER
YGR093W	NUCLEUS
YGR094W	CYTOPLASM
YGR095C	NUCLEUS
YGR097W	CYTOPLASM
YGR100W	CYTOPLASM
YGR102C	MITOCHONDRIA
YGR103W	NUCLEUS
YGR104C	NUCLEUS
YGR105W	OTHER
YGR106C	OTHER
YGR108W	NUCLEUS
YGR111W	CYTOPLASM
YGR112W	MITOCHONDRIA
YGR116W	NUCLEUS
YGR117C	CYTOPLASM
YGR118W	NUCLEUS
YGR119C	OTHER
YGR120C	OTHER
YGR122W	CYTOPLASM
YGR123C	CYTOPLASM
YGR124W	CYTOPLASM
YGR128C	NUCLEUS
YGR129W	NUCLEUS
YGR130C	OTHER
YGR132C	MITOCHONDRIA
YGR133W	OTHER
YGR134W	CYTOPLASM
YGR135W	NUCLEUS
YGR138C	OTHER
YGR140W	OTHER
YGR142W	CYTOPLASM
YGR147C	MITOCHONDRIA
YGR148C	CYTOPLASM
YGR149W	MITOCHONDRIA
YGR150C	MITOCHONDRIA
YGR151C	CYTOPLASM
YGR155W	CYTOPLASM
YGR156W	NUCLEUS
YGR157W	OTHER
YGR158C	NUCLEUS
YGR159C	NUCLEUS
YGR161C	CYTOPLASM
YGR162W	CYTOPLASM
YGR163W	OTHER
YGR165W	MITOCHONDRIA
YGR167W	OTHER
YGR171C	MITOCHONDRIA
YGR173W	CYTOPLASM
YGR174C	MITOCHONDRIA
YGR175C	OTHER
YGR177C	OTHER
YGR178C	CYTOPLASM
YGR179C	OTHER
YGR180C	NUCLEUS
YGR185C	CYTOPLASM
YGR186W	NUCLEUS
YGR187C	CYTOPLASM
YGR188C	CYTOPLASM
YGR189C	CYTOPLASM
YGR191W	OTHER
YGR192C	NUCLEUS
YGR193C	MITOCHONDRIA
YGR194C	CYTOPLASM
YGR195W	NUCLEUS
YGR198W	MITOCHONDRIA
YGR200C	CYTOPLASM
YGR203W	CYTOPLASM
YGR204W	CYTOPLASM
YGR205W	CYTOPLASM
YGR206W	OTHER
YGR207C	MITOCHONDRIA
YGR209C	CYTOPLASM
YGR211W	CYTOPLASM
YGR214W	CYTOPLASM
YGR215W	MITOCHONDRIA
YGR217W	CYTOPLASM
YGR218W	NUCLEUS
YGR219W	NUCLEUS
YGR220C	MITOCHONDRIA
YGR222W	MITOCHONDRIA
YGR229C	OTHER
YGR231C	MITOCHONDRIA
YGR233C	NUCLEUS
YGR234W	CYTOPLASM
YGR237C	NUCLEUS
YGR238C	MITOCHONDRIA
YGR240C	CYTOPLASM
YGR241C	CYTOPLASM
YGR243W	MITOCHONDRIA
YGR244C	MITOCHONDRIA
YGR248W	CYTOPLASM
YGR250C	CYTOPLASM
YGR251W	NUCLEUS
YGR252W	NUCLEUS
YGR253C	NUCLEUS
YGR254W	CYTOPLASM
YGR255C	MITOCHONDRIA
YGR256W	CYTOPLASM
YGR257C	MITOCHONDRIA
YGR258C	NUCLEUS
YGR260W	OTHER
YGR261C	OTHER
YGR262C	NUCLEUS
YGR263C	OTHER
YGR264C	CYTOPLASM
YGR266W	OTHER
YGR267C	CYTOPLASM
YGR268C	CYTOPLASM
YGR269W	CYTOPLASM
YGR270W	NUCLEUS
YHL007C	CYTOPLASM
YHL009C	CYTOPLASM
YHL010C	OTHER
YHL013C	CYTOPLASM
YHL014C	MITOCHONDRIA
YHL017W	OTHER
YHL019C	OTHER
YHL020C	OTHER
YHL021C	MITOCHONDRIA
YHL025W	NUCLEUS
YHL027W	NUCLEUS
YHL029C	CYTOPLASM
YHL030W	CYTOPLASM
YHL033C	CYTOPLASM
YHL034C	CYTOPLASM
YHL038C	MITOCHONDRIA
YHL039W	CYTOPLASM
YHL040C	OTHER
YHR001W_A	MITOCHONDRIA
YHR003C	MITOCHONDRIA
YHR005C	OTHER
YHR006W	CYTOPLASM
YHR007C	OTHER
YHR009C	CYTOPLASM
YHR010W	OTHER
YHR011W	MITOCHONDRIA
YHR015W	CYTOPLASM
YHR018C	CYTOPLASM
YHR021C	CYTOPLASM
YHR023W	CYTOPLASM
YHR024C	MITOCHONDRIA
YHR026W	OTHER
YHR027C	NUCLEUS
YHR030C	CYTOPLASM
YHR031C	NUCLEUS
YHR036W	OTHER
YHR037W	MITOCHONDRIA
YHR039C	OTHER
YHR040W	NUCLEUS
YHR041C	CYTOPLASM
YHR042W	OTHER
YHR043C	NUCLEUS
YHR046C	CYTOPLASM
YHR047C	CYTOPLASM
YHR051W	MITOCHONDRIA
YHR052W	NUCLEUS
YHR053C	CYTOPLASM
YHR055C	CYTOPLASM
YHR057C	OTHER
YHR058C	NUCLEUS
YHR059W	MITOCHONDRIA
YHR060W	OTHER
YHR061C	OTHER
YHR062C	NUCLEUS
YHR063C	MITOCHONDRIA
YHR064C	CYTOPLASM
YHR066W	NUCLEUS
YHR067W	MITOCHONDRIA
YHR068W	CYTOPLASM
YHR069C	NUCLEUS
YHR070W	CYTOPLASM
YHR072W	OTHER
YHR072W_A	NUCLEUS
YHR073W	CYTOPLASM
YHR074W	CYTOPLASM
YHR077C	CYTOPLASM
YHR079C	OTHER
YHR082C	CYTOPLASM
YHR083W	MITOCHONDRIA
YHR084W	NUCLEUS
YHR085W	NUCLEUS
YHR086W	NUCLEUS
YHR087W	CYTOPLASM
YHR089C	NUCLEUS
YHR090C	NUCLEUS
YHR097C	CYTOPLASM
YHR098C	OTHER
YHR101C	OTHER
YHR102W	CYTOPLASM
YHR103W	CYTOPLASM
YHR104W	CYTOPLASM
YHR105W	OTHER
YHR106W	MITOCHONDRIA
YHR107C	OTHER
YHR108W	OTHER
YHR110W	OTHER
YHR111W	CYTOPLASM
YHR112C	CYTOPLASM
YHR113W	CYTOPLASM
YHR114W	CYTOPLASM
YHR116W	CYTOPLASM
YHR117W	MITOCHONDRIA
YHR118C	NUCLEUS
YHR119W	CYTOPLASM
YHR120W	MITOCHONDRIA
YHR121W	NUCLEUS
YHR127W	NUCLEUS
YHR131C	CYTOPLASM
YHR132C	CYTOPLASM
YHR132W_A	CYTOPLASM
YHR133C	OTHER
YHR135C	CYTOPLASM
YHR136C	OTHER
YHR137W	CYTOPLASM
YHR141C	CYTOPLASM
YHR143W_A	CYTOPLASM
YHR147C	OTHER
YHR154W	CYTOPLASM
YHR155W	CYTOPLASM
YHR156C	NUCLEUS
YHR158C	OTHER
YHR159W	CYTOPLASM
YHR161C	OTHER
YHR162W	MITOCHONDRIA
YHR163W	CYTOPLASM
YHR164C	CYTOPLASM
YHR165C	NUCLEUS
YHR166C	CYTOPLASM
YHR167W	NUCLEUS
YHR169W	NUCLEUS
YHR170W	CYTOPLASM
YHR172W	OTHER
YHR174W	CYTOPLASM
YHR175W	OTHER
YHR178W	NUCLEUS
YHR179W	CYTOPLASM
YHR181W	OTHER
YHR182W	CYTOPLASM
YHR183W	CYTOPLASM
YHR186C	OTHER
YHR187W	CYTOPLASM
YHR189W	MITOCHONDRIA
YHR190W	OTHER
YHR192W	CYTOPLASM
YHR193C	CYTOPLASM
YHR195W	OTHER
YHR196W	NUCLEUS
YHR197W	NUCLEUS
YHR199C	MITOCHONDRIA
YHR200W	NUCLEUS
YHR201C	NUCLEUS
YHR202W	CYTOPLASM
YHR203C	CYTOPLASM
YHR204W	CYTOPLASM
YHR205W	CYTOPLASM
YHR206W	NUCLEUS
YHR207C	CYTOPLASM
YHR215W	OTHER
YHR216W	CYTOPLASM
YIL001W	CYTOPLASM
YIL002C	CYTOPLASM
YIL004C	OTHER
YIL007C	CYTOPLASM
YIL008W	CYTOPLASM
YIL009W	OTHER
YIL010W	NUCLEUS
YIL015W	CYTOPLASM
YIL016W	OTHER
YIL017C	CYTOPLASM
YIL019W	CYTOPLASM
YIL020C	CYTOPLASM
YIL022W	MITOCHONDRIA
YIL026C	NUCLEUS
YIL027C	OTHER
YIL031W	CYTOPLASM
YIL034C	OTHER
YIL035C	NUCLEUS
YIL036W	NUCLEUS
YIL038C	CYTOPLASM
YIL039W	CYTOPLASM
YIL040W	OTHER
YIL041W	OTHER
YIL042C	MITOCHONDRIA
YIL043C	OTHER
YIL044C	OTHER
YIL045W	OTHER
YIL046W	CYTOPLASM
YIL047C	OTHER
YIL048W	OTHER
YIL050W	CYTOPLASM
YIL051C	MITOCHONDRIA
YIL052C	CYTOPLASM
YIL053W	CYTOPLASM
YIL055C	CYTOPLASM
YIL056W	CYTOPLASM
YIL057C	CYTOPLASM
YIL061C	CYTOPLASM
YIL062C	OTHER
YIL064W	CYTOPLASM
YIL065C	CYTOPLASM
YIL066C	CYTOPLASM
YIL068C	OTHER
YIL069C	CYTOPLASM
YIL070C	MITOCHONDRIA
YIL071C	CYTOPLASM
YIL074C	CYTOPLASM
YIL075C	NUCLEUS
YIL076W	OTHER
YIL077C	MITOCHONDRIA
YIL078W	CYTOPLASM
YIL079C	NUCLEUS
YIL083C	CYTOPLASM
YIL084C	NUCLEUS
YIL087C	MITOCHONDRIA
YIL088C	OTHER
YIL091C	NUCLEUS
YIL092W	CYTOPLASM
YIL093C	MITOCHONDRIA
YIL094C	MITOCHONDRIA
YIL095W	OTHER
YIL096C	NUCLEUS
YIL097W	CYTOPLASM
YIL098C	MITOCHONDRIA
YIL101C	NUCLEUS
YIL103W	CYTOPLASM
YIL104C	NUCLEUS
YIL105C	OTHER
YIL106W	CYTOPLASM
YIL107C	CYTOPLASM
YIL108W	CYTOPLASM
YIL110W	CYTOPLASM
YIL111W	MITOCHONDRIA
YIL112W	NUCLEUS
YIL113W	MITOCHONDRIA
YIL115C	OTHER
YIL116W	CYTOPLASM
YIL119C	CYTOPLASM
YIL121W	OTHER
YIL122W	NUCLEUS
YIL123W	MITOCHONDRIA
YIL124W	OTHER
YIL125W	MITOCHONDRIA
YIL126W	NUCLEUS
YIL127C	NUCLEUS
YIL128W	CYTOPLASM
YIL129C	OTHER
YIL131C	NUCLEUS
YIL132C	CYTOPLASM
YIL133C	CYTOPLASM
YIL135C	CYTOPLASM
YIL137C	CYTOPLASM
YIL138C	CYTOPLASM
YIL140W	OTHER
YIL143C	CYTOPLASM
YIL144W	CYTOPLASM
YIL145C	NUCLEUS
YIL147C	OTHER
YIL148W	NUCLEUS
YIL149C	OTHER
YIL150C	NUCLEUS
YIL151C	OTHER
YIL153W	CYTOPLASM
YIL154C	CYTOPLASM
YIL155C	MITOCHONDRIA
YIL156W	CYTOPLASM
YIL157C	MITOCHONDRIA
YIL159W	CYTOPLASM
YIL172C	CYTOPLASM
YIR001C	CYTOPLASM
YIR002C	CYTOPLASM
YIR003W	OTHER
YIR004W	OTHER
YIR005W	NUCLEUS
YIR006C	OTHER
YIR007W	CYTOPLASM
YIR009W	NUCLEUS
YIR010W	OTHER
YIR011C	NUCLEUS
YIR012W	CYTOPLASM
YIR014W	OTHER
YIR015W	NUCLEUS
YIR017C	CYTOPLASM
YIR018W	CYTOPLASM
YIR021W	MITOCHONDRIA
YIR022W	OTHER
YIR023W	NUCLEUS
YIR024C	MITOCHONDRIA
YIR034C	CYTOPLASM
YIR035C	CYTOPLASM
YIR036C	CYTOPLASM
YIR037W	CYTOPLASM
YJL001W	NUCLEUS
YJL002C	OTHER
YJL004C	OTHER
YJL005W	OTHER
YJL006C	NUCLEUS
YJL010C	NUCLEUS
YJL011C	NUCLEUS
YJL012C_A	OTHER
YJL013C	NUCLEUS
YJL016W	CYTOPLASM
YJL017W	CYTOPLASM
YJL018W	OTHER
YJL021C	OTHER
YJL024C	OTHER
YJL025W	NUCLEUS
YJL029C	OTHER
YJL030W	CYTOPLASM
YJL033W	NUCLEUS
YJL034W	CYTOPLASM
YJL035C	CYTOPLASM
YJL036W	CYTOPLASM
YJL039C	OTHER
YJL041W	OTHER
YJL042W	CYTOPLASM
YJL043W	MITOCHONDRIA
YJL044C	CYTOPLASM
YJL047C	CYTOPLASM
YJL048C	OTHER
YJL050W	NUCLEUS
YJL052W	CYTOPLASM
YJL053W	OTHER
YJL054W	MITOCHONDRIA
YJL055W	CYTOPLASM
YJL056C	NUCLEUS
YJL057C	CYTOPLASM
YJL058C	CYTOPLASM
YJL060W	CYTOPLASM
YJL061W	OTHER
YJL062W	OTHER
YJL062W_A	MITOCHONDRIA
YJL065C	NUCLEUS
YJL066C	MITOCHONDRIA
YJL068C	CYTOPLASM
YJL069C	NUCLEUS
YJL070C	CYTOPLASM
YJL071W	MITOCHONDRIA
YJL074C	NUCLEUS
YJL076W	NUCLEUS
YJL078C	OTHER
YJL079C	OTHER
YJL080C	CYTOPLASM
YJL081C	NUCLEUS
YJL082W	CYTOPLASM
YJL084C	CYTOPLASM
YJL085W	OTHER
YJL087C	CYTOPLASM
YJL088W	CYTOPLASM
YJL090C	NUCLEUS
YJL091C	OTHER
YJL092W	CYTOPLASM
YJL095W	CYTOPLASM
YJL097W	OTHER
YJL098W	CYTOPLASM
YJL099W	OTHER
YJL101C	CYTOPLASM
YJL102W	MITOCHONDRIA
YJL104W	MITOCHONDRIA
YJL109C	NUCLEUS
YJL110C	CYTOPLASM
YJL112W	MITOCHONDRIA
YJL115W	NUCLEUS
YJL117W	OTHER
YJL122W	NUCLEUS
YJL124C	CYTOPLASM
YJL125C	NUCLEUS
YJL127C	CYTOPLASM
YJL128C	CYTOPLASM
YJL130C	CYTOPLASM
YJL131C	MITOCHONDRIA
YJL133W	MITOCHONDRIA
YJL137C	CYTOPLASM
YJL138C	CYTOPLASM
YJL140W	NUCLEUS
YJL144W	CYTOPLASM
YJL145W	CYTOPLASM
YJL146W	NUCLEUS
YJL147C	CYTOPLASM
YJL148W	NUCLEUS
YJL151C	CYTOPLASM
YJL153C	CYTOPLASM
YJL154C	OTHER
YJL155C	CYTOPLASM
YJL157C	CYTOPLASM
YJL161W	MITOCHONDRIA
YJL162C	OTHER
YJL164C	CYTOPLASM
YJL166W	MITOCHONDRIA
YJL168C	NUCLEUS
YJL169W	CYTOPLASM
YJL171C	OTHER
YJL173C	NUCLEUS
YJL176C	NUCLEUS
YJL177W	CYTOPLASM
YJL180C	CYTOPLASM
YJL183W	OTHER
YJL186W	OTHER
YJL191W	NUCLEUS
YJL192C	OTHER
YJL194W	NUCLEUS
YJL196C	OTHER
YJL197W	NUCLEUS
YJL198W	OTHER
YJL200C	MITOCHONDRIA
YJL201W	CYTOPLASM
YJL203W	NUCLEUS
YJL207C	OTHER
YJL208C	MITOCHONDRIA
YJL210W	OTHER
YJL212C	OTHER
YJL217W	CYTOPLASM
YJL222W	OTHER
YJR003C	MITOCHONDRIA
YJR005W	OTHER
YJR006W	NUCLEUS
YJR007W	CYTOPLASM
YJR008W	CYTOPLASM
YJR009C	CYTOPLASM
YJR010C_A	OTHER
YJR010W	CYTOPLASM
YJR011C	CYTOPLASM
YJR013W	OTHER
YJR014W	CYTOPLASM
YJR016C	MITOCHONDRIA
YJR017C	NUCLEUS
YJR022W	NUCLEUS
YJR024C	CYTOPLASM
YJR025C	CYTOPLASM
YJR031C	OTHER
YJR032W	NUCLEUS
YJR035W	NUCLEUS
YJR041C	NUCLEUS
YJR042W	OTHER
YJR043C	CYTOPLASM
YJR044C	OTHER
YJR046W	NUCLEUS
YJR048W	CYTOPLASM
YJR049C	NUCLEUS
YJR051W	MITOCHONDRIA
YJR052W	NUCLEUS
YJR053W	OTHER
YJR055W	CYTOPLASM
YJR057W	NUCLEUS
YJR058C	OTHER
YJR059W	NUCLEUS
YJR060W	NUCLEUS
YJR062C	MITOCHONDRIA
YJR063W	CYTOPLASM
YJR067C	CYTOPLASM
YJR068W	NUCLEUS
YJR069C	CYTOPLASM
YJR070C	CYTOPLASM
YJR072C	CYTOPLASM
YJR073C	OTHER
YJR074W	CYTOPLASM
YJR075W	OTHER
YJR077C	MITOCHONDRIA
YJR080C	MITOCHONDRIA
YJR082C	NUCLEUS
YJR083C	NUCLEUS
YJR084W	NUCLEUS
YJR085C	MITOCHONDRIA
YJR086W	CYTOPLASM
YJR088C	OTHER
YJR091C	CYTOPLASM
YJR092W	OTHER
YJR094W_A	CYTOPLASM
YJR096W	CYTOPLASM
YJR097W	NUCLEUS
YJR098C	CYTOPLASM
YJR101W	MITOCHONDRIA
YJR103W	CYTOPLASM
YJR104C	CYTOPLASM
YJR105W	CYTOPLASM
YJR109C	CYTOPLASM
YJR110W	CYTOPLASM
YJR112W	OTHER
YJR113C	MITOCHONDRIA
YJR117W	OTHER
YJR118C	OTHER
YJR119C	NUCLEUS
YJR121W	MITOCHONDRIA
YJR122W	MITOCHONDRIA
YJR127C	NUCLEUS
YJR129C	CYTOPLASM
YJR130C	NUCLEUS
YJR131W	OTHER
YJR132W	NUCLEUS
YJR133W	CYTOPLASM
YJR134C	OTHER
YJR136C	NUCLEUS
YJR137C	NUCLEUS
YJR138W	OTHER
YJR139C	CYTOPLASM
YJR140C	NUCLEUS
YJR143C	OTHER
YJR145C	CYTOPLASM
YJR146W	CYTOPLASM
YJR147W	CYTOPLASM
YJR148W	CYTOPLASM
YJR149W	CYTOPLASM
YKL001C	CYTOPLASM
YKL002W	OTHER
YKL003C	MITOCHONDRIA
YKL004W	OTHER
YKL006W	CYTOPLASM
YKL007W	OTHER
YKL008C	OTHER
YKL010C	CYTOPLASM
YKL011C	MITOCHONDRIA
YKL012W	NUCLEUS
YKL013C	OTHER
YKL014C	NUCLEUS
YKL015W	NUCLEUS
YKL016C	MITOCHONDRIA
YKL017C	CYTOPLASM
YKL018C_A	CYTOPLASM
YKL020C	CYTOPLASM
YKL021C	NUCLEUS
YKL022C	NUCLEUS
YKL023W	CYTOPLASM
YKL024C	CYTOPLASM
YKL025C	CYTOPLASM
YKL026C	CYTOPLASM
YKL027W	MITOCHONDRIA
YKL028W	NUCLEUS
YKL029C	MITOCHONDRIA
YKL032C	NUCLEUS
YKL033W	CYTOPLASM
YKL035W	CYTOPLASM
YKL038W	NUCLEUS
YKL040C	MITOCHONDRIA
YKL041W	OTHER
YKL042W	OTHER
YKL043W	NUCLEUS
YKL046C	OTHER
YKL047W	CYTOPLASM
YKL048C	CYTOPLASM
YKL049C	NUCLEUS
YKL051W	OTHER
YKL052C	OTHER
YKL053C_A	CYTOPLASM
YKL054C	CYTOPLASM
YKL055C	MITOCHONDRIA
YKL056C	CYTOPLASM
YKL058W	CYTOPLASM
YKL059C	NUCLEUS
YKL060C	CYTOPLASM
YKL061W	OTHER
YKL063C	CYTOPLASM
YKL065C	OTHER
YKL067W	CYTOPLASM
YKL068W	OTHER
YKL071W	CYTOPLASM
YKL073W	NUCLEUS
YKL074C	NUCLEUS
YKL075C	CYTOPLASM
YKL077W	OTHER
YKL078W	NUCLEUS
YKL079W	OTHER
YKL080W	OTHER
YKL081W	CYTOPLASM
YKL084W	OTHER
YKL085W	MITOCHONDRIA
YKL086W	CYTOPLASM
YKL088W	CYTOPLASM
YKL089W	OTHER
YKL092C	OTHER
YKL095W	NUCLEUS
YKL096W_A	OTHER
YKL101W	OTHER
YKL106W	MITOCHONDRIA
YKL110C	CYTOPLASM
YKL112W	NUCLEUS
YKL113C	NUCLEUS
YKL114C	NUCLEUS
YKL116C	CYTOPLASM
YKL117W	CYTOPLASM
YKL119C	OTHER
YKL122C	OTHER
YKL125W	CYTOPLASM
YKL126W	CYTOPLASM
YKL127W	CYTOPLASM
YKL128C	CYTOPLASM
YKL129C	CYTOPLASM
YKL130C	CYTOPLASM
YKL135C	OTHER
YKL138C	MITOCHONDRIA
YKL139W	NUCLEUS
YKL140W	OTHER
YKL142W	CYTOPLASM
YKL143W	CYTOPLASM
YKL145W	NUCLEUS
YKL149C	NUCLEUS
YKL152C	CYTOPLASM
YKL154W	OTHER
YKL155C	MITOCHONDRIA
YKL156W	CYTOPLASM
YKL157W	CYTOPLASM
YKL160W	NUCLEUS
YKL164C	NUCLEUS
YKL165C	OTHER
YKL166C	NUCLEUS
YKL167C	MITOCHONDRIA
YKL169C	CYTOPLASM
YKL170W	MITOCHONDRIA
YKL173W	NUCLEUS
YKL179C	OTHER
YKL180W	CYTOPLASM
YKL181W	CYTOPLASM
YKL182W	CYTOPLASM
YKL183W	NUCLEUS
YKL185W	NUCLEUS
YKL186C	OTHER
YKL187C	CYTOPLASM
YKL189W	CYTOPLASM
YKL191W	CYTOPLASM
YKL193C	CYTOPLASM
YKL194C	CYTOPLASM
YKL195W	MITOCHONDRIA
YKL197C	OTHER
YKL204W	CYTOPLASM
YKL205W	OTHER
YKL206C	CYTOPLASM
YKL208W	MITOCHONDRIA
YKL210W	CYTOPLASM
YKL211C	CYTOPLASM
YKL212W	OTHER
YKL213C	CYTOPLASM
YKL214C	CYTOPLASM
YKL215C	CYTOPLASM
YKR001C	OTHER
YKR002W	CYTOPLASM
YKR003W	OTHER
YKR006C	MITOCHONDRIA
YKR007W	OTHER
YKR008W	NUCLEUS
YKR010C	NUCLEUS
YKR011C	NUCLEUS
YKR014C	CYTOPLASM
YKR016W	MITOCHONDRIA
YKR018C	CYTOPLASM
YKR020W	OTHER
YKR022C	OTHER
YKR023W	CYTOPLASM
YKR024C	NUCLEUS
YKR025W	NUCLEUS
YKR026C	CYTOPLASM
YKR027W	OTHER
YKR029C	NUCLEUS
YKR031C	OTHER
YKR036C	MITOCHONDRIA
YKR037C	OTHER
YKR038C	NUCLEUS
YKR039W	OTHER
YKR041W	NUCLEUS
YKR042W	CYTOPLASM
YKR043C	CYTOPLASM
YKR044W	CYTOPLASM
YKR045C	CYTOPLASM
YKR049C	MITOCHONDRIA
YKR052C	MITOCHONDRIA
YKR054C	CYTOPLASM
YKR055W	CYTOPLASM
YKR057W	CYTOPLASM
YKR059W	CYTOPLASM
YKR060W	NUCLEUS
YKR062W	NUCLEUS
YKR063C	NUCLEUS
YKR065C	MITOCHONDRIA
YKR066C	MITOCHONDRIA
YKR067W	OTHER
YKR070W	MITOCHONDRIA
YKR071C	CYTOPLASM
YKR072C	CYTOPLASM
YKR074W	CYTOPLASM
YKR075C	CYTOPLASM
YKR076W	CYTOPLASM
YKR077W	NUCLEUS
YKR078W	CYTOPLASM
YKR080W	CYTOPLASM
YKR081C	NUCLEUS
YKR082W	OTHER
YKR084C	CYTOPLASM
YKR085C	MITOCHONDRIA
YKR086W	CYTOPLASM
YKR088C	OTHER
YKR089C	OTHER
YKR090W	CYTOPLASM
YKR092C	NUCLEUS
YKR093W	OTHER
YKR094C	CYTOPLASM
YKR095W	OTHER
YKR096W	CYTOPLASM
YKR099W	OTHER
YKR103W	NUCLEUS
YLL001W	OTHER
YLL002W	NUCLEUS
YLL003W	OTHER
YLL006W	OTHER
YLL007C	CYTOPLASM
YLL008W	NUCLEUS
YLL010C	OTHER
YLL011W	NUCLEUS
YLL012W	OTHER
YLL013C	CYTOPLASM
YLL015W	OTHER
YLL018C	CYTOPLASM
YLL018C_A	CYTOPLASM
YLL022C	NUCLEUS
YLL023C	OTHER
YLL024C	CYTOPLASM
YLL026W	CYTOPLASM
YLL027W	MITOCHONDRIA
YLL028W	OTHER
YLL029W	CYTOPLASM
YLL031C	OTHER
YLL032C	CYTOPLASM
YLL034C	NUCLEUS
YLL036C	NUCLEUS
YLL039C	CYTOPLASM
YLL040C	OTHER
YLL041C	MITOCHONDRIA
YLL043W	OTHER
YLL045C	CYTOPLASM
YLL048C	OTHER
YLL054C	NUCLEUS
YLL060C	CYTOPLASM
YLL061W	OTHER
YLR002C	NUCLEUS
YLR005W	NUCLEUS
YLR006C	CYTOPLASM
YLR011W	CYTOPLASM
YLR015W	NUCLEUS
YLR017W	CYTOPLASM
YLR018C	OTHER
YLR020C	CYTOPLASM
YLR022C	CYTOPLASM
YLR023C	OTHER
YLR024C	CYTOPLASM
YLR025W	OTHER
YLR028C	CYTOPLASM
YLR032W	NUCLEUS
YLR033W	NUCLEUS
YLR034C	CYTOPLASM
YLR035C	CYTOPLASM
YLR035C_A	CYTOPLASM
YLR036C	CYTOPLASM
YLR038C	CYTOPLASM
YLR039C	OTHER
YLR042C	OTHER
YLR043C	NUCLEUS
YLR044C	NUCLEUS
YLR045C	OTHER
YLR048W	CYTOPLASM
YLR050C	OTHER
YLR051C	NUCLEUS
YLR052W	NUCLEUS
YLR055C	NUCLEUS
YLR056W	OTHER
YLR058C	CYTOPLASM
YLR059C	MITOCHONDRIA
YLR060W	CYTOPLASM
YLR061W	CYTOPLASM
YLR063W	CYTOPLASM
YLR064W	OTHER
YLR065C	CYTOPLASM
YLR066W	OTHER
YLR067C	MITOCHONDRIA
YLR068W	NUCLEUS
YLR069C	MITOCHONDRIA
YLR071C	NUCLEUS
YLR072W	OTHER
YLR073C	OTHER
YLR074C	NUCLEUS
YLR075W	CYTOPLASM
YLR079W	CYTOPLASM
YLR080W	OTHER
YLR082C	CYTOPLASM
YLR083C	OTHER
YLR084C	OTHER
YLR085C	CYTOPLASM
YLR086W	CYTOPLASM
YLR088W	OTHER
YLR090W	CYTOPLASM
YLR091W	MITOCHONDRIA
YLR094C	CYTOPLASM
YLR095C	CYTOPLASM
YLR096W	OTHER
YLR100W	OTHER
YLR102C	CYTOPLASM
YLR103C	CYTOPLASM
YLR105C	MITOCHONDRIA
YLR106C	CYTOPLASM
YLR107W	NUCLEUS
YLR108C	MITOCHONDRIA
YLR109W	CYTOPLASM
YLR110C	OTHER
YLR113W	CYTOPLASM
YLR114C	CYTOPLASM
YLR115W	NUCLEUS
YLR116W	NUCLEUS
YLR117C	NUCLEUS
YLR120C	OTHER
YLR126C	CYTOPLASM
YLR127C	CYTOPLASM
YLR129W	NUCLEUS
YLR130C	OTHER
YLR131C	CYTOPLASM
YLR132C	CYTOPLASM
YLR133W	CYTOPLASM
YLR134W	NUCLEUS
YLR135W	NUCLEUS
YLR136C	CYTOPLASM
YLR138W	OTHER
YLR139C	MITOCHONDRIA
YLR141W	NUCLEUS
YLR142W	MITOCHONDRIA
YLR143W	CYTOPLASM
YLR144C	CYTOPLASM
YLR146C	CYTOPLASM
YLR148W	OTHER
YLR149C	CYTOPLASM
YLR150W	CYTOPLASM
YLR153C	NUCLEUS
YLR166C	OTHER
YLR172C	CYTOPLASM
YLR175W	NUCLEUS
YLR176C	NUCLEUS
YLR178C	CYTOPLASM
YLR179C	CYTOPLASM
YLR180W	CYTOPLASM
YLR181C	OTHER
YLR182W	NUCLEUS
YLR183C	NUCLEUS
YLR185W	CYTOPLASM
YLR186W	CYTOPLASM
YLR187W	CYTOPLASM
YLR188W	MITOCHONDRIA
YLR189C	CYTOPLASM
YLR190W	CYTOPLASM
YLR191W	OTHER
YLR192C	CYTOPLASM
YLR193C	MITOCHONDRIA
YLR194C	OTHER
YLR196W	NUCLEUS
YLR197W	NUCLEUS
YLR199C	CYTOPLASM
YLR200W	CYTOPLASM
YLR201C	MITOCHONDRIA
YLR203C	MITOCHONDRIA
YLR204W	MITOCHONDRIA
YLR206W	OTHER
YLR208W	OTHER
YLR210W	MITOCHONDRIA
YLR211C	CYTOPLASM
YLR212C	OTHER
YLR215C	CYTOPLASM
YLR216C	NUCLEUS
YLR218C	CYTOPLASM
YLR219W	OTHER
YLR220W	OTHER
YLR221C	NUCLEUS
YLR222C	NUCLEUS
YLR223C	NUCLEUS
YLR225C	CYTOPLASM
YLR226W	NUCLEUS
YLR228C	CYTOPLASM
YLR231C	CYTOPLASM
YLR234W	NUCLEUS
YLR237W	OTHER
YLR239C	MITOCHONDRIA
YLR240W	OTHER
YLR244C	NUCLEUS
YLR245C	NUCLEUS
YLR248W	CYTOPLASM
YLR249W	CYTOPLASM
YLR253W	MITOCHONDRIA
YLR254C	NUCLEUS
YLR257W	CYTOPLASM
YLR258W	CYTOPLASM
YLR260W	CYTOPLASM
YLR262C	OTHER
YLR262C_A	NUCLEUS
YLR263W	CYTOPLASM
YLR264W	CYTOPLASM
YLR265C	CYTOPLASM
YLR266C	CYTOPLASM
YLR268W	OTHER
YLR270W	CYTOPLASM
YLR271W	NUCLEUS
YLR272C	NUCLEUS
YLR275W	NUCLEUS
YLR277C	NUCLEUS
YLR281C	MITOCHONDRIA
YLR285W	NUCLEUS
YLR287C	CYTOPLASM
YLR287C_A	CYTOPLASM
YLR289W	MITOCHONDRIA
YLR290C	MITOCHONDRIA
YLR292C	OTHER
YLR295C	MITOCHONDRIA
YLR299W	CYTOPLASM
YLR300W	OTHER
YLR301W	CYTOPLASM
YLR309C	CYTOPLASM
YLR310C	CYTOPLASM
YLR312W_A	MITOCHONDRIA
YLR313C	OTHER
YLR315W	OTHER
YLR316C	CYTOPLASM
YLR319C	OTHER
YLR321C	NUCLEUS
YLR323C	NUCLEUS
YLR324W	OTHER
YLR325C	CYTOPLASM
YLR327C	CYTOPLASM
YLR328W	CYTOPLASM
YLR332W	OTHER
YLR333C	CYTOPLASM
YLR335W	OTHER
YLR336C	NUCLEUS
YLR344W	CYTOPLASM
YLR345W	CYTOPLASM
YLR346C	MITOCHONDRIA
YLR347C	CYTOPLASM
YLR348C	MITOCHONDRIA
YLR350W	OTHER
YLR351C	MITOCHONDRIA
YLR353W	OTHER
YLR354C	NUCLEUS
YLR357W	NUCLEUS
YLR360W	OTHER
YLR362W	CYTOPLASM
YLR363W_A	NUCLEUS
YLR364W	CYTOPLASM
YLR367W	OTHER
YLR369W	MITOCHONDRIA
YLR370C	CYTOPLASM
YLR372W	OTHER
YLR373C	NUCLEUS
YLR375W	NUCLEUS
YLR376C	CYTOPLASM
YLR378C	OTHER
YLR380W	CYTOPLASM
YLR381W	OTHER
YLR382C	MITOCHONDRIA
YLR383W	CYTOPLASM
YLR384C	CYTOPLASM
YLR385C	NUCLEUS
YLR386W	OTHER
YLR387C	CYTOPLASM
YLR388W	CYTOPLASM
YLR392C	CYTOPLASM
YLR393W	MITOCHONDRIA
YLR395C	MITOCHONDRIA
YLR396C	OTHER
YLR397C	CYTOPLASM
YLR398C	CYTOPLASM
YLR399C	NUCLEUS
YLR401C	NUCLEUS
YLR403W	NUCLEUS
YLR409C	OTHER
YLR410W	NUCLEUS
YLR413W	OTHER
YLR418C	NUCLEUS
YLR420W	CYTOPLASM
YLR421C	NUCLEUS
YLR424W	NUCLEUS
YLR427W	CYTOPLASM
YLR429W	OTHER
YLR430W	NUCLEUS
YLR432W	CYTOPLASM
YLR433C	CYTOPLASM
YLR435W	NUCLEUS
YLR436C	CYTOPLASM
YLR438C_A	CYTOPLASM
YLR438W	CYTOPLASM
YLR440C	OTHER
YLR441C	CYTOPLASM
YLR442C	OTHER
YLR447C	OTHER
YLR449W	NUCLEUS
YLR450W	OTHER
YLR451W	NUCLEUS
YLR452C	CYTOPLASM
YLR453C	CYTOPLASM
YLR454W	CYTOPLASM
YLR455W	NUCLEUS
YLR457C	OTHER
YML001W	CYTOPLASM
YML004C	CYTOPLASM
YML005W	MITOCHONDRIA
YML006C	CYTOPLASM
YML007C_A	MITOCHONDRIA
YML008C	OTHER
YML009C	MITOCHONDRIA
YML010W	NUCLEUS
YML011C	NUCLEUS
YML012W	OTHER
YML013W	OTHER
YML014W	CYTOPLASM
YML016C	OTHER
YML017W	CYTOPLASM
YML018C	OTHER
YML020W	CYTOPLASM
YML021C	NUCLEUS
YML022W	CYTOPLASM
YML024W	CYTOPLASM
YML026C	CYTOPLASM
YML027W	NUCLEUS
YML028W	CYTOPLASM
YML030W	MITOCHONDRIA
YML031W	OTHER
YML032C	NUCLEUS
YML034W	OTHER
YML035C	CYTOPLASM
YML038C	OTHER
YML041C	NUCLEUS
YML043C	OTHER
YML046W	NUCLEUS
YML048W	OTHER
YML049C	OTHER
YML051W	NUCLEUS
YML052W	OTHER
YML055W	OTHER
YML056C	CYTOPLASM
YML057W	CYTOPLASM
YML058W	CYTOPLASM
YML058W_A	CYTOPLASM
YML059C	OTHER
YML060W	NUCLEUS
YML062C	NUCLEUS
YML063W	CYTOPLASM
YML064C	OTHER
YML067C	OTHER
YML069W	NUCLEUS
YML070W	CYTOPLASM
YML071C	OTHER
YML072C	OTHER
YML074C	OTHER
YML075C	OTHER
YML076C	NUCLEUS
YML078W	MITOCHONDRIA
YML079W	CYTOPLASM
YML080W	NUCLEUS
YML081C_A	MITOCHONDRIA
YML081W	OTHER
YML082W	CYTOPLASM
YML085C	OTHER
YML086C	MITOCHONDRIA
YML088W	CYTOPLASM
YML091C	MITOCHONDRIA
YML093W	NUCLEUS
YML094W	CYTOPLASM
YML095C	CYTOPLASM
YML096W	CYTOPLASM
YML097C	CYTOPLASM
YML098W	CYTOPLASM
YML099C	OTHER
YML100W	CYTOPLASM
YML101C	OTHER
YML102W	NUCLEUS
YML103C	OTHER
YML105C	CYTOPLASM
YML107C	OTHER
YML108W	NUCLEUS
YML109W	CYTOPLASM
YML110C	MITOCHONDRIA
YML111W	NUCLEUS
YML112W	CYTOPLASM
YML113W	NUCLEUS
YML115C	OTHER
YML117W	CYTOPLASM
YML120C	MITOCHONDRIA
YML121W	OTHER
YML124C	OTHER
YML125C	OTHER
YML126C	NUCLEUS
YML127W	NUCLEUS
YML129C	MITOCHONDRIA
YML131W	CYTOPLASM
YMR001C	OTHER
YMR002W	CYTOPLASM
YMR003W	MITOCHONDRIA
YMR004W	OTHER
YMR009W	CYTOPLASM
YMR012W	CYTOPLASM
YMR014W	NUCLEUS
YMR015C	OTHER
YMR016C	NUCLEUS
YMR019W	NUCLEUS
YMR022W	OTHER
YMR023C	MITOCHONDRIA
YMR024W	MITOCHONDRIA
YMR026C	OTHER
YMR027W	CYTOPLASM
YMR029C	CYTOPLASM
YMR030W	MITOCHONDRIA
YMR031C	OTHER
YMR032W	OTHER
YMR036C	CYTOPLASM
YMR037C	CYTOPLASM
YMR038C	CYTOPLASM
YMR039C	NUCLEUS
YMR042W	NUCLEUS
YMR043W	NUCLEUS
YMR044W	NUCLEUS
YMR047C	CYTOPLASM
YMR049C	CYTOPLASM
YMR052W	OTHER
YMR055C	OTHER
YMR056C	MITOCHONDRIA
YMR058W	OTHER
YMR059W	MITOCHONDRIA
YMR060C	MITOCHONDRIA
YMR061W	NUCLEUS
YMR062C	MITOCHONDRIA
YMR064W	MITOCHONDRIA
YMR066W	MITOCHONDRIA
YMR069W	CYTOPLASM
YMR070W	NUCLEUS
YMR071C	OTHER
YMR073C	CYTOPLASM
YMR074C	CYTOPLASM
YMR075W	NUCLEUS
YMR076C	NUCLEUS
YMR077C	OTHER
YMR078C	CYTOPLASM
YMR079W	CYTOPLASM
YMR080C	CYTOPLASM
YMR083W	MITOCHONDRIA
YMR086W	OTHER
YMR089C	MITOCHONDRIA
YMR091C	NUCLEUS
YMR092C	OTHER
YMR093W	NUCLEUS
YMR097C	MITOCHONDRIA
YMR098C	MITOCHONDRIA
YMR099C	CYTOPLASM
YMR104C	CYTOPLASM
YMR106C	NUCLEUS
YMR108W	MITOCHONDRIA
YMR109W	OTHER
YMR111C	NUCLEUS
YMR112C	NUCLEUS
YMR113W	CYTOPLASM
YMR115W	MITOCHONDRIA
YMR117C	OTHER
YMR119W	OTHER
YMR120C	CYTOPLASM
YMR121C	NUCLEUS
YMR122W_A	OTHER
YMR123W	OTHER
YMR124W	OTHER
YMR125W	NUCLEUS
YMR127C	NUCLEUS
YMR128W	NUCLEUS
YMR129W	OTHER
YMR131C	NUCLEUS
YMR132C	CYTOPLASM
YMR134W	OTHER
YMR135C	CYTOPLASM
YMR137C	CYTOPLASM
YMR138W	CYTOPLASM
YMR139W	CYTOPLASM
YMR140W	CYTOPLASM
YMR142C	CYTOPLASM
YMR144W	NUCLEUS
YMR145C	MITOCHONDRIA
YMR149W	OTHER
YMR152W	OTHER
YMR153W	OTHER
YMR157C	MITOCHONDRIA
YMR159C	CYTOPLASM
YMR160W	MITOCHONDRIA
YMR162C	CYTOPLASM
YMR165C	CYTOPLASM
YMR166C	MITOCHONDRIA
YMR167W	CYTOPLASM
YMR168C	OTHER
YMR169C	CYTOPLASM
YMR170C	CYTOPLASM
YMR171C	OTHER
YMR172W	NUCLEUS
YMR173W	CYTOPLASM
YMR174C	CYTOPLASM
YMR176W	CYTOPLASM
YMR177W	MITOCHONDRIA
YMR178W	CYTOPLASM
YMR179W	CYTOPLASM
YMR183C	OTHER
YMR184W	CYTOPLASM
YMR186W	CYTOPLASM
YMR192W	CYTOPLASM
YMR193W	NUCLEUS
YMR194W	CYTOPLASM
YMR196W	CYTOPLASM
YMR198W	CYTOPLASM
YMR199W	CYTOPLASM
YMR200W	OTHER
YMR201C	NUCLEUS
YMR204C	OTHER
YMR207C	OTHER
YMR208W	CYTOPLASM
YMR212C	OTHER
YMR215W	OTHER
YMR216C	CYTOPLASM
YMR218C	OTHER
YMR219W	OTHER
YMR220W	CYTOPLASM
YMR221C	OTHER
YMR223W	NUCLEUS
YMR224C	NUCLEUS
YMR225C	MITOCHONDRIA
YMR226C	CYTOPLASM
YMR227C	NUCLEUS
YMR229C	NUCLEUS
YMR230W	CYTOPLASM
YMR231W	OTHER
YMR232W	CYTOPLASM
YMR234W	CYTOPLASM
YMR235C	CYTOPLASM
YMR236W	NUCLEUS
YMR237W	OTHER
YMR238W	OTHER
YMR239C	NUCLEUS
YMR240C	NUCLEUS
YMR241W	MITOCHONDRIA
YMR242C	CYTOPLASM
YMR243C	OTHER
YMR244C_A	CYTOPLASM
YMR246W	OTHER
YMR250W	CYTOPLASM
YMR252C	MITOCHONDRIA
YMR255W	CYTOPLASM
YMR256C	MITOCHONDRIA
YMR257C	OTHER
YMR258C	CYTOPLASM
YMR260C	CYTOPLASM
YMR261C	CYTOPLASM
YMR263W	NUCLEUS
YMR264W	OTHER
YMR266W	OTHER
YMR268C	CYTOPLASM
YMR269W	NUCLEUS
YMR270C	NUCLEUS
YMR272C	OTHER
YMR275C	CYTOPLASM
YMR276W	CYTOPLASM
YMR277W	NUCLEUS
YMR278W	CYTOPLASM
YMR281W	CYTOPLASM
YMR282C	MITOCHONDRIA
YMR284W	NUCLEUS
YMR285C	CYTOPLASM
YMR286W	MITOCHONDRIA
YMR287C	MITOCHONDRIA
YMR288W	NUCLEUS
YMR289W	CYTOPLASM
YMR291W	CYTOPLASM
YMR292W	OTHER
YMR293C	MITOCHONDRIA
YMR296C	OTHER
YMR297W	CYTOPLASM
YMR299C	OTHER
YMR300C	CYTOPLASM
YMR301C	MITOCHONDRIA
YMR302C	MITOCHONDRIA
YMR303C	CYTOPLASM
YMR304W	CYTOPLASM
YMR308C	CYTOPLASM
YMR309C	CYTOPLASM
YMR310C	NUCLEUS
YMR313C	OTHER
YMR315W	CYTOPLASM
YMR318C	CYTOPLASM
YMR319C	OTHER
YNL001W	CYTOPLASM
YNL004W	NUCLEUS
YNL005C	MITOCHONDRIA
YNL007C	CYTOPLASM
YNL008C	OTHER
YNL015W	CYTOPLASM
YNL016W	CYTOPLASM
YNL020C	OTHER
YNL021W	NUCLEUS
YNL022C	NUCLEUS
YNL025C	NUCLEUS
YNL027W	CYTOPLASM
YNL030W	NUCLEUS
YNL032W	CYTOPLASM
YNL035C	NUCLEUS
YNL036W	CYTOPLASM
YNL037C	MITOCHONDRIA
YNL039W	NUCLEUS
YNL040W	CYTOPLASM
YNL041C	OTHER
YNL042W	NUCLEUS
YNL044W	OTHER
YNL045W	CYTOPLASM
YNL046W	OTHER
YNL048W	OTHER
YNL049C	OTHER
YNL051W	OTHER
YNL052W	MITOCHONDRIA
YNL053W	CYTOPLASM
YNL055C	MITOCHONDRIA
YNL056W	CYTOPLASM
YNL059C	NUCLEUS
YNL061W	NUCLEUS
YNL062C	NUCLEUS
YNL064C	NUCLEUS
YNL065W	OTHER
YNL066W	MITOCHONDRIA
YNL067W	CYTOPLASM
YNL068C	NUCLEUS
YNL071W	MITOCHONDRIA
YNL072W	CYTOPLASM
YNL073W	MITOCHONDRIA
YNL074C	CYTOPLASM
YNL076W	CYTOPLASM
YNL077W	CYTOPLASM
YNL081C	MITOCHONDRIA
YNL083W	MITOCHONDRIA
YNL084C	OTHER
YNL085W	CYTOPLASM
YNL087W	OTHER
YNL088W	NUCLEUS
YNL090W	CYTOPLASM
YNL091W	CYTOPLASM
YNL094W	CYTOPLASM
YNL095C	OTHER
YNL096C	CYTOPLASM
YNL097C	NUCLEUS
YNL098C	CYTOPLASM
YNL102W	NUCLEUS
YNL103W	NUCLEUS
YNL104C	MITOCHONDRIA
YNL106C	OTHER
YNL108C	CYTOPLASM
YNL111C	OTHER
YNL112W	CYTOPLASM
YNL113W	NUCLEUS
YNL116W	CYTOPLASM
YNL118C	CYTOPLASM
YNL119W	CYTOPLASM
YNL121C	MITOCHONDRIA
YNL122C	MITOCHONDRIA
YNL123W	NUCLEUS
YNL124W	NUCLEUS
YNL125C	OTHER
YNL126W	OTHER
YNL127W	CYTOPLASM
YNL132W	OTHER
YNL133C	NUCLEUS
YNL134C	CYTOPLASM
YNL135C	CYTOPLASM
YNL136W	NUCLEUS
YNL137C	MITOCHONDRIA
YNL138W	CYTOPLASM
YNL139C	NUCLEUS
YNL141W	CYTOPLASM
YNL142W	OTHER
YNL143C	CYTOPLASM
YNL146W	OTHER
YNL147W	CYTOPLASM
YNL148C	CYTOPLASM
YNL149C	OTHER
YNL152W	CYTOPLASM
YNL153C	CYTOPLASM
YNL154C	OTHER
YNL155W	CYTOPLASM
YNL156C	OTHER
YNL157W	NUCLEUS
YNL158W	OTHER
YNL162W	CYTOPLASM
YNL162W_A	CYTOPLASM
YNL163C	CYTOPLASM
YNL164C	CYTOPLASM
YNL166C	OTHER
YNL167C	NUCLEUS
YNL168C	MITOCHONDRIA
YNL169C	MITOCHONDRIA
YNL172W	CYTOPLASM
YNL173C	OTHER
YNL175C	NUCLEUS
YNL176C	CYTOPLASM
YNL177C	MITOCHONDRIA
YNL180C	NUCLEUS
YNL183C	CYTOPLASM
YNL185C	MITOCHONDRIA
YNL186W	NUCLEUS
YNL189W	OTHER
YNL191W	CYTOPLASM
YNL194C	OTHER
YNL197C	CYTOPLASM
YNL198C	MITOCHONDRIA
YNL200C	CYTOPLASM
YNL201C	NUCLEUS
YNL206C	NUCLEUS
YNL207W	CYTOPLASM
YNL209W	CYTOPLASM
YNL211C	OTHER
YNL213C	MITOCHONDRIA
YNL214W	OTHER
YNL216W	NUCLEUS
YNL218W	NUCLEUS
YNL219C	OTHER
YNL220W	CYTOPLASM
YNL221C	CYTOPLASM
YNL224C	CYTOPLASM
YNL225C	OTHER
YNL227C	CYTOPLASM
YNL229C	CYTOPLASM
YNL231C	OTHER
YNL232W	NUCLEUS
YNL233W	OTHER
YNL236W	CYTOPLASM
YNL238W	OTHER
YNL239W	MITOCHONDRIA
YNL241C	CYTOPLASM
YNL242W	CYTOPLASM
YNL243W	OTHER
YNL245C	NUCLEUS
YNL246W	NUCLEUS
YNL250W	NUCLEUS
YNL251C	NUCLEUS
YNL254C	CYTOPLASM
YNL255C	CYTOPLASM
YNL256W	MITOCHONDRIA
YNL257C	CYTOPLASM
YNL258C	OTHER
YNL259C	CYTOPLASM
YNL261W	CYTOPLASM
YNL262W	NUCLEUS
YNL264C	CYTOPLASM
YNL265C	OTHER
YNL267W	CYTOPLASM
YNL268W	OTHER
YNL271C	OTHER
YNL272C	OTHER
YNL274C	CYTOPLASM
YNL277W	CYTOPLASM
YNL278W	CYTOPLASM
YNL280C	OTHER
YNL281W	CYTOPLASM
YNL282W	NUCLEUS
YNL283C	OTHER
YNL284C	MITOCHONDRIA
YNL286W	NUCLEUS
YNL287W	OTHER
YNL288W	CYTOPLASM
YNL290W	NUCLEUS
YNL293W	CYTOPLASM
YNL297C	OTHER
YNL298W	OTHER
YNL301C	CYTOPLASM
YNL302C	CYTOPLASM
YNL304W	CYTOPLASM
YNL306W	MITOCHONDRIA
YNL307C	CYTOPLASM
YNL308C	NUCLEUS
YNL309W	NUCLEUS
YNL310C	MITOCHONDRIA
YNL311C	CYTOPLASM
YNL312W	NUCLEUS
YNL313C	CYTOPLASM
YNL316C	CYTOPLASM
YNL317W	NUCLEUS
YNL322C	OTHER
YNL323W	OTHER
YNL325C	OTHER
YNL327W	OTHER
YNL328C	MITOCHONDRIA
YNL329C	OTHER
YNL330C	OTHER
YNR001C	MITOCHONDRIA
YNR004W	NUCLEUS
YNR006W	OTHER
YNR009W	NUCLEUS
YNR010W	NUCLEUS
YNR011C	NUCLEUS
YNR012W	CYTOPLASM
YNR013C	OTHER
YNR014W	CYTOPLASM
YNR015W	OTHER
YNR016C	OTHER
YNR017W	MITOCHONDRIA
YNR019W	OTHER
YNR021W	OTHER
YNR024W	NUCLEUS
YNR026C	OTHER
YNR028W	OTHER
YNR029C	CYTOPLASM
YNR030W	OTHER
YNR031C	CYTOPLASM
YNR032W	CYTOPLASM
YNR033W	CYTOPLASM
YNR034W_A	CYTOPLASM
YNR035C	OTHER
YNR038W	NUCLEUS
YNR040W	MITOCHONDRIA
YNR041C	MITOCHONDRIA
YNR043W	CYTOPLASM
YNR044W	OTHER
YNR045W	MITOCHONDRIA
YNR046W	CYTOPLASM
YNR047W	CYTOPLASM
YNR048W	CYTOPLASM
YNR049C	OTHER
YNR050C	CYTOPLASM
YNR051C	CYTOPLASM
YNR052C	CYTOPLASM
YNR053C	NUCLEUS
YNR055C	OTHER
YNR056C	OTHER
YNR075W	OTHER
YOL001W	CYTOPLASM
YOL005C	NUCLEUS
YOL006C	NUCLEUS
YOL010W	NUCLEUS
YOL011W	OTHER
YOL012C	NUCLEUS
YOL013C	OTHER
YOL016C	CYTOPLASM
YOL017W	CYTOPLASM
YOL019W	OTHER
YOL020W	OTHER
YOL021C	CYTOPLASM
YOL022C	CYTOPLASM
YOL023W	MITOCHONDRIA
YOL027C	MITOCHONDRIA
YOL028C	NUCLEUS
YOL030W	OTHER
YOL031C	CYTOPLASM
YOL032W	NUCLEUS
YOL033W	MITOCHONDRIA
YOL034W	OTHER
YOL038W	NUCLEUS
YOL039W	CYTOPLASM
YOL041C	NUCLEUS
YOL042W	MITOCHONDRIA
YOL044W	OTHER
YOL049W	CYTOPLASM
YOL051W	NUCLEUS
YOL052C	CYTOPLASM
YOL052C_A	CYTOPLASM
YOL054W	NUCLEUS
YOL055C	CYTOPLASM
YOL056W	CYTOPLASM
YOL057W	CYTOPLASM
YOL058W	CYTOPLASM
YOL059W	CYTOPLASM
YOL060C	OTHER
YOL061W	CYTOPLASM
YOL062C	OTHER
YOL066C	CYTOPLASM
YOL067C	CYTOPLASM
YOL068C	NUCLEUS
YOL069W	NUCLEUS
YOL070C	OTHER
YOL071W	MITOCHONDRIA
YOL072W	OTHER
YOL076W	CYTOPLASM
YOL077C	NUCLEUS
YOL077W_A	MITOCHONDRIA
YOL080C	NUCLEUS
YOL081W	CYTOPLASM
YOL084W	OTHER
YOL088C	NUCLEUS
YOL089C	NUCLEUS
YOL090W	NUCLEUS
YOL092W	OTHER
YOL093W	NUCLEUS
YOL096C	MITOCHONDRIA
YOL097C	CYTOPLASM
YOL098C	CYTOPLASM
YOL100W	OTHER
YOL103W	OTHER
YOL105C	OTHER
YOL107W	OTHER
YOL108C	CYTOPLASM
YOL111C	CYTOPLASM
YOL112W	OTHER
YOL113W	CYTOPLASM
YOL115W	NUCLEUS
YOL116W	OTHER
YOL117W	CYTOPLASM
YOL121C	CYTOPLASM
YOL123W	NUCLEUS
YOL124C	CYTOPLASM
YOL125W	CYTOPLASM
YOL126C	OTHER
YOL129W	OTHER
YOL133W	CYTOPLASM
YOL134C	CYTOPLASM
YOL135C	NUCLEUS
YOL136C	CYTOPLASM
YOL137W	OTHER
YOL138C	OTHER
YOL139C	CYTOPLASM
YOL140W	MITOCHONDRIA
YOL141W	NUCLEUS
YOL143C	CYTOPLASM
YOL144W	NUCLEUS
YOL145C	NUCLEUS
YOL147C	OTHER
YOL148C	NUCLEUS
YOL151W	CYTOPLASM
YOL154W	CYTOPLASM
YOL159C_A	CYTOPLASM
YOR001W	NUCLEUS
YOR002W	OTHER
YOR004W	MITOCHONDRIA
YOR007C	CYTOPLASM
YOR008C	OTHER
YOR014W	CYTOPLASM
YOR016C	OTHER
YOR017W	MITOCHONDRIA
YOR018W	CYTOPLASM
YOR022C	MITOCHONDRIA
YOR023C	CYTOPLASM
YOR026W	CYTOPLASM
YOR027W	CYTOPLASM
YOR028C	NUCLEUS
YOR033C	CYTOPLASM
YOR035C	CYTOPLASM
YOR037W	MITOCHONDRIA
YOR039W	NUCLEUS
YOR040W	MITOCHONDRIA
YOR042W	OTHER
YOR043W	OTHER
YOR044W	OTHER
YOR045W	MITOCHONDRIA
YOR048C	NUCLEUS
YOR052C	NUCLEUS
YOR056C	NUCLEUS
YOR057W	CYTOPLASM
YOR058C	OTHER
YOR060C	OTHER
YOR061W	NUCLEUS
YOR062C	CYTOPLASM
YOR063W	CYTOPLASM
YOR064C	NUCLEUS
YOR065W	MITOCHONDRIA
YOR070C	CYTOPLASM
YOR073W	OTHER
YOR074C	MITOCHONDRIA
YOR075W	OTHER
YOR076C	CYTOPLASM
YOR077W	NUCLEUS
YOR078W	NUCLEUS
YOR081C	OTHER
YOR083W	NUCLEUS
YOR084W	CYTOPLASM
YOR086C	OTHER
YOR087W	OTHER
YOR089C	CYTOPLASM
YOR091W	CYTOPLASM
YOR092W	OTHER
YOR094W	OTHER
YOR095C	CYTOPLASM
YOR098C	OTHER
YOR101W	CYTOPLASM
YOR104W	OTHER
YOR107W	NUCLEUS
YOR108W	MITOCHONDRIA
YOR109W	OTHER
YOR110W	NUCLEUS
YOR112W	OTHER
YOR113W	NUCLEUS
YOR115C	OTHER
YOR116C	NUCLEUS
YOR117W	NUCLEUS
YOR118W	CYTOPLASM
YOR122C	CYTOPLASM
YOR123C	NUCLEUS
YOR124C	CYTOPLASM
YOR127W	CYTOPLASM
YOR128C	CYTOPLASM
YOR129C	CYTOPLASM
YOR131C	CYTOPLASM
YOR132W	OTHER
YOR133W	CYTOPLASM
YOR136W	MITOCHONDRIA
YOR138C	NUCLEUS
YOR140W	NUCLEUS
YOR141C	CYTOPLASM
YOR142W	MITOCHONDRIA
YOR143C	CYTOPLASM
YOR144C	NUCLEUS
YOR147W	MITOCHONDRIA
YOR148C	CYTOPLASM
YOR150W	MITOCHONDRIA
YOR151C	NUCLEUS
YOR152C	CYTOPLASM
YOR153W	OTHER
YOR154W	CYTOPLASM
YOR156C	CYTOPLASM
YOR157C	CYTOPLASM
YOR160W	OTHER
YOR161C	OTHER
YOR162C	NUCLEUS
YOR163W	CYTOPLASM
YOR164C	CYTOPLASM
YOR165W	OTHER
YOR167C	CYTOPLASM
YOR168W	CYTOPLASM
YOR171C	CYTOPLASM
YOR172W	NUCLEUS
YOR173W	CYTOPLASM
YOR174W	NUCLEUS
YOR175C	OTHER
YOR176W	MITOCHONDRIA
YOR179C	NUCLEUS
YOR181W	OTHER
YOR182C	CYTOPLASM
YOR184W	CYTOPLASM
YOR185C	CYTOPLASM
YOR189W	NUCLEUS
YOR193W	OTHER
YOR195W	OTHER
YOR196C	MITOCHONDRIA
YOR197W	CYTOPLASM
YOR198C	OTHER
YOR201C	MITOCHONDRIA
YOR205C	MITOCHONDRIA
YOR206W	NUCLEUS
YOR208W	NUCLEUS
YOR209C	CYTOPLASM
YOR210W	NUCLEUS
YOR212W	OTHER
YOR213C	CYTOPLASM
YOR216C	OTHER
YOR217W	NUCLEUS
YOR220W	CYTOPLASM
YOR221C	MITOCHONDRIA
YOR224C	NUCLEUS
YOR226C	MITOCHONDRIA
YOR227W	CYTOPLASM
YOR229W	NUCLEUS
YOR230W	NUCLEUS
YOR231W	OTHER
YOR233W	OTHER
YOR234C	CYTOPLASM
YOR236W	OTHER
YOR238W	CYTOPLASM
YOR239W	CYTOPLASM
YOR241W	NUCLEUS
YOR243C	MITOCHONDRIA
YOR244W	CYTOPLASM
YOR245C	OTHER
YOR246C	OTHER
YOR247W	OTHER
YOR249C	NUCLEUS
YOR252W	NUCLEUS
YOR253W	CYTOPLASM
YOR254C	OTHER
YOR258W	CYTOPLASM
YOR259C	NUCLEUS
YOR260W	CYTOPLASM
YOR261C	CYTOPLASM
YOR262W	CYTOPLASM
YOR264W	OTHER
YOR265W	OTHER
YOR266W	MITOCHONDRIA
YOR267C	CYTOPLASM
YOR269W	CYTOPLASM
YOR270C	OTHER
YOR272W	NUCLEUS
YOR273C	OTHER
YOR274W	CYTOPLASM
YOR275C	NUCLEUS
YOR276W	CYTOPLASM
YOR281C	CYTOPLASM
YOR284W	OTHER
YOR286W	MITOCHONDRIA
YOR289W	CYTOPLASM
YOR290C	NUCLEUS
YOR291W	OTHER
YOR292C	CYTOPLASM
YOR293W	NUCLEUS
YOR296W	CYTOPLASM
YOR297C	MITOCHONDRIA
YOR298C_A	CYTOPLASM
YOR299W	OTHER
YOR302W	CYTOPLASM
YOR303W	CYTOPLASM
YOR304C_A	OTHER
YOR304W	NUCLEUS
YOR305W	MITOCHONDRIA
YOR307C	OTHER
YOR308C	NUCLEUS
YOR315W	CYTOPLASM
YOR316C	OTHER
YOR317W	OTHER
YOR319W	NUCLEUS
YOR321W	OTHER
YOR322C	NUCLEUS
YOR323C	CYTOPLASM
YOR324C	CYTOPLASM
YOR326W	CYTOPLASM
YOR327C	OTHER
YOR329C	OTHER
YOR330C	MITOCHONDRIA
YOR332W	OTHER
YOR334W	MITOCHONDRIA
YOR335C	CYTOPLASM
YOR336W	CYTOPLASM
YOR337W	NUCLEUS
YOR340C	NUCLEUS
YOR341W	NUCLEUS
YOR347C	CYTOPLASM
YOR350C	MITOCHONDRIA
YOR352W	CYTOPLASM
YOR353C	CYTOPLASM
YOR354C	MITOCHONDRIA
YOR355W	NUCLEUS
YOR356W	MITOCHONDRIA
YOR357C	OTHER
YOR358W	NUCLEUS
YOR359W	CYTOPLASM
YOR360C	CYTOPLASM
YOR361C	CYTOPLASM
YOR362C	CYTOPLASM
YOR363C	CYTOPLASM
YOR367W	CYTOPLASM
YOR370C	CYTOPLASM
YOR371C	CYTOPLASM
YOR372C	NUCLEUS
YOR373W	OTHER
YOR374W	MITOCHONDRIA
YOR375C	CYTOPLASM
YOR377W	OTHER
YOR385W	CYTOPLASM
YOR386W	NUCLEUS
YPL004C	OTHER
YPL005W	MITOCHONDRIA
YPL007C	CYTOPLASM
YPL009C	CYTOPLASM
YPL010W	OTHER
YPL011C	NUCLEUS
YPL012W	NUCLEUS
YPL013C	MITOCHONDRIA
YPL014W	CYTOPLASM
YPL016W	NUCLEUS
YPL017C	CYTOPLASM
YPL018W	OTHER
YPL020C	OTHER
YPL022W	NUCLEUS
YPL024W	NUCLEUS
YPL026C	CYTOPLASM
YPL028W	NUCLEUS
YPL029W	MITOCHONDRIA
YPL030W	CYTOPLASM
YPL031C	CYTOPLASM
YPL032C	CYTOPLASM
YPL037C	CYTOPLASM
YPL038W	CYTOPLASM
YPL040C	MITOCHONDRIA
YPL043W	NUCLEUS
YPL046C	NUCLEUS
YPL047W	NUCLEUS
YPL049C	NUCLEUS
YPL050C	OTHER
YPL051W	OTHER
YPL053C	OTHER
YPL055C	NUCLEUS
YPL058C	OTHER
YPL059W	MITOCHONDRIA
YPL060W	MITOCHONDRIA
YPL061W	CYTOPLASM
YPL063W	MITOCHONDRIA
YPL064C	NUCLEUS
YPL066W	CYTOPLASM
YPL067C	CYTOPLASM
YPL068C	CYTOPLASM
YPL069C	MITOCHONDRIA
YPL070W	CYTOPLASM
YPL071C	CYTOPLASM
YPL074W	CYTOPLASM
YPL075W	CYTOPLASM
YPL076W	OTHER
YPL078C	MITOCHONDRIA
YPL079W	CYTOPLASM
YPL081W	CYTOPLASM
YPL082C	NUCLEUS
YPL083C	CYTOPLASM
YPL084W	OTHER
YPL085W	OTHER
YPL086C	CYTOPLASM
YPL089C	CYTOPLASM
YPL090C	CYTOPLASM
YPL093W	NUCLEUS
YPL094C	OTHER
YPL097W	MITOCHONDRIA
YPL104W	MITOCHONDRIA
YPL106C	CYTOPLASM
YPL107W	MITOCHONDRIA
YPL109C	MITOCHONDRIA
YPL110C	CYTOPLASM
YPL111W	CYTOPLASM
YPL112C	OTHER
YPL115C	OTHER
YPL116W	CYTOPLASM
YPL117C	CYTOPLASM
YPL118W	MITOCHONDRIA
YPL119C	CYTOPLASM
YPL120W	OTHER
YPL122C	NUCLEUS
YPL124W	OTHER
YPL125W	NUCLEUS
YPL126W	NUCLEUS
YPL127C	NUCLEUS
YPL128C	NUCLEUS
YPL131W	CYTOPLASM
YPL133C	NUCLEUS
YPL134C	MITOCHONDRIA
YPL135W	MITOCHONDRIA
YPL137C	CYTOPLASM
YPL138C	NUCLEUS
YPL139C	NUCLEUS
YPL140C	CYTOPLASM
YPL141C	CYTOPLASM
YPL144W	CYTOPLASM
YPL145C	CYTOPLASM
YPL146C	NUCLEUS
YPL150W	CYTOPLASM
YPL151C	NUCLEUS
YPL152W	CYTOPLASM
YPL153C	NUCLEUS
YPL155C	OTHER
YPL157W	OTHER
YPL158C	OTHER
YPL160W	CYTOPLASM
YPL161C	CYTOPLASM
YPL162C	OTHER
YPL163C	CYTOPLASM
YPL166W	OTHER
YPL168W	MITOCHONDRIA
YPL169C	OTHER
YPL170W	OTHER
YPL172C	MITOCHONDRIA
YPL177C	CYTOPLASM
YPL178W	NUCLEUS
YPL179W	CYTOPLASM
YPL181W	NUCLEUS
YPL183C	CYTOPLASM
YPL183W_A	MITOCHONDRIA
YPL184C	OTHER
YPL188W	MITOCHONDRIA
YPL190C	CYTOPLASM
YPL191C	CYTOPLASM
YPL192C	OTHER
YPL193W	NUCLEUS
YPL194W	NUCLEUS
YPL195W	OTHER
YPL198W	CYTOPLASM
YPL202C	CYTOPLASM
YPL203W	NUCLEUS
YPL204W	CYTOPLASM
YPL207W	OTHER
YPL208W	CYTOPLASM
YPL210C	CYTOPLASM
YPL211W	NUCLEUS
YPL212C	NUCLEUS
YPL214C	CYTOPLASM
YPL215W	MITOCHONDRIA
YPL219W	CYTOPLASM
YPL220W	CYTOPLASM
YPL221W	OTHER
YPL222W	MITOCHONDRIA
YPL223C	CYTOPLASM
YPL225W	CYTOPLASM
YPL227C	OTHER
YPL228W	NUCLEUS
YPL229W	CYTOPLASM
YPL231W	CYTOPLASM
YPL232W	OTHER
YPL233W	OTHER
YPL234C	OTHER
YPL239W	CYTOPLASM
YPL240C	CYTOPLASM
YPL241C	CYTOPLASM
YPL243W	CYTOPLASM
YPL245W	CYTOPLASM
YPL246C	OTHER
YPL247C	CYTOPLASM
YPL249C	CYTOPLASM
YPL249C_A	CYTOPLASM
YPL250C	CYTOPLASM
YPL252C	MITOCHONDRIA
YPL254W	NUCLEUS
YPL255W	OTHER
YPL256C	CYTOPLASM
YPL259C	OTHER
YPL260W	CYTOPLASM
YPL262W	MITOCHONDRIA
YPL263C	CYTOPLASM
YPL265W	OTHER
YPL269W	OTHER
YPL270W	MITOCHONDRIA
YPL271W	MITOCHONDRIA
YPL273W	CYTOPLASM
YPL274W	OTHER
YPR001W	MITOCHONDRIA
YPR002W	CYTOPLASM
YPR004C	MITOCHONDRIA
YPR006C	MITOCHONDRIA
YPR008W	CYTOPLASM
YPR010C	NUCLEUS
YPR011C	OTHER
YPR013C	OTHER
YPR016C	NUCLEUS
YPR017C	CYTOPLASM
YPR019W	NUCLEUS
YPR020W	MITOCHONDRIA
YPR022C	CYTOPLASM
YPR023C	NUCLEUS
YPR024W	MITOCHONDRIA
YPR025C	NUCLEUS
YPR028W	OTHER
YPR029C	OTHER
YPR031W	NUCLEUS
YPR032W	CYTOPLASM
YPR033C	CYTOPLASM
YPR034W	NUCLEUS
YPR035W	CYTOPLASM
YPR036W	OTHER
YPR037C	CYTOPLASM
YPR041W	CYTOPLASM
YPR042C	CYTOPLASM
YPR045C	NUCLEUS
YPR046W	NUCLEUS
YPR047W	MITOCHONDRIA
YPR049C	CYTOPLASM
YPR052C	NUCLEUS
YPR055W	OTHER
YPR056W	NUCLEUS
YPR057W	NUCLEUS
YPR060C	CYTOPLASM
YPR061C	MITOCHONDRIA
YPR062W	CYTOPLASM
YPR065W	NUCLEUS
YPR066W	OTHER
YPR067W	MITOCHONDRIA
YPR069C	CYTOPLASM
YPR070W	NUCLEUS
YPR072W	CYTOPLASM
YPR073C	CYTOPLASM
YPR074C	NUCLEUS
YPR075C	CYTOPLASM
YPR080W	CYTOPLASM
YPR081C	CYTOPLASM
YPR083W	CYTOPLASM
YPR086W	NUCLEUS
YPR090W	OTHER
YPR091C	OTHER
YPR097W	OTHER
YPR098C	MITOCHONDRIA
YPR100W	MITOCHONDRIA
YPR101W	NUCLEUS
YPR103W	CYTOPLASM
YPR104C	NUCLEUS
YPR105C	OTHER
YPR108W	NUCLEUS
YPR110C	NUCLEUS
YPR113W	OTHER
YPR114W	OTHER
YPR115W	CYTOPLASM
YPR116W	MITOCHONDRIA
YPR119W	NUCLEUS
YPR122W	OTHER
YPR124W	OTHER
YPR125W	MITOCHONDRIA
YPR127W	CYTOPLASM
YPR128C	OTHER
YPR129W	CYTOPLASM
YPR131C	CYTOPLASM
YPR132W	CYTOPLASM
YPR134W	MITOCHONDRIA
YPR135W	NUCLEUS
YPR137W	NUCLEUS
YPR138C	OTHER
YPR140W	MITOCHONDRIA
YPR141C	CYTOPLASM
YPR143W	NUCLEUS
YPR144C	NUCLEUS
YPR145W	CYTOPLASM
YPR147C	CYTOPLASM
YPR148C	OTHER
YPR149W	OTHER
YPR152C	NUCLEUS
YPR154W	CYTOPLASM
YPR155C	MITOCHONDRIA
YPR156C	OTHER
YPR160W	CYTOPLASM
YPR161C	NUCLEUS
YPR163C	CYTOPLASM
YPR168W	NUCLEUS
YPR169W	NUCLEUS
YPR171W	OTHER
YPR172W	CYTOPLASM
YPR173C	OTHER
YPR174C	OTHER
YPR175W	CYTOPLASM
YPR178W	CYTOPLASM
YPR179C	NUCLEUS
YPR180W	NUCLEUS
YPR182W	NUCLEUS
YPR183W	OTHER
YPR184W	CYTOPLASM
YPR185W	CYTOPLASM
YPR186C	NUCLEUS
YPR188C	OTHER
YPR189W	NUCLEUS
YPR190C	NUCLEUS
YPR191W	MITOCHONDRIA
